id,name,birth_date,address,city,zip,state,phone_number
1,Helaine McQuie,1971/11/11,19th Floor,Boise,83711,ID,208-101-5188
2,Rosemonde Kentwell,1951/10/01,Room 1248,Cincinnati,45243,OH,513-858-7691
3,Karel Message,2004/08/15,19th Floor,Kansas City,64144,MO,816-590-8675
4,Pedro O' Mara,1970/07/06,PO Box 45362,Lake Worth,33467,FL,561-361-5589
5,Owen Iacovini,1980/03/25,Apt 1731,Louisville,40287,KY,502-157-8042
6,Alvie Warwick,1998/01/22,Apt 1590,Cincinnati,45243,OH,513-480-6774
7,Kalindi Mansfield,1974/09/16,7th Floor,Greenville,29610,SC,864-858-8585
8,Rhett Curwood,1985/12/20,Room 1441,Reno,89550,NV,775-367-1978
9,Rabi Woodnutt,1995/05/24,Apt 618,Houston,77085,TX,713-271-8760
10,Selinda Bidgod,2004/05/26,Suite 71,Colorado Springs,80940,CO,719-337-1586
11,Mariele Harefoot,1967/08/20,Suite 54,Washington,20016,DC,202-785-4744
12,Lance Hovenden,1986/11/15,PO Box 52153,Farmington,48335,MI,248-798-3965
13,Carlina Tolliday,1982/04/06,3rd Floor,Houston,77260,TX,713-192-8934
14,Lavinie Dorkins,1960/08/21,PO Box 55287,Dayton,45440,OH,937-369-6262
15,Fianna Jurgensen,1980/06/14,Apt 679,Indianapolis,46226,IN,317-424-8688
16,Lindy Cade,1963/08/22,Suite 29,Tulsa,74103,OK,918-410-7301
17,Rebe Lonsbrough,1983/07/06,Suite 60,Pompano Beach,33075,FL,754-379-0995
18,Carlynne Lattie,1971/03/13,15th Floor,Raleigh,27621,NC,919-291-4788
19,Orelee McVicar,1980/03/31,PO Box 73606,Chicago,60624,IL,312-588-4175
20,Margie Grouse,1980/12/22,PO Box 4090,Falls Church,22047,VA,571-803-4607
21,Melantha Mott,1967/06/26,PO Box 67228,Van Nuys,91411,CA,626-828-9385
22,Emmalynne Langthorne,1980/04/02,Apt 11,Milwaukee,53225,WI,414-515-5251
23,Godfrey Le Houx,2003/03/30,5th Floor,San Diego,92145,CA,858-505-1941
24,Liliane Rowat,1999/10/12,PO Box 38924,Washington,20078,DC,202-430-6419
25,Madge Ridwood,1984/10/20,Apt 160,San Antonio,78220,TX,210-228-1009
26,Leda Grimmett,1963/01/17,Room 993,Shreveport,71115,LA,318-878-1563
27,Anet Elliott,1982/04/22,PO Box 18629,Kansas City,64101,MO,816-168-4138
28,Dinah Gouley,1973/07/16,Room 1788,Jamaica,11436,NY,917-927-4953
29,Julio Tarpey,1964/10/08,8th Floor,Fort Myers,33994,FL,239-812-4308
30,Ynez Pirazzi,1993/03/21,PO Box 24097,Kalamazoo,49006,MI,269-887-5760
31,Eula Neely,1967/03/24,Room 259,Rochester,14604,NY,585-965-2687
32,Gabriela Durrance,2000/03/10,Apt 1608,Fort Lauderdale,33325,FL,954-158-2964
33,Abra Perassi,1997/06/02,3rd Floor,Newport News,23605,VA,757-719-8437
34,Angel Torricina,1987/05/03,Suite 37,Baton Rouge,70894,LA,225-742-3289
35,Loraine Drohan,1993/08/05,Suite 53,Sacramento,95818,CA,916-755-9165
36,Husain Spensly,1965/07/10,Apt 1901,Houston,77245,TX,713-510-7419
37,Carmon Logue,1963/02/07,Apt 1998,Albany,12210,NY,518-594-2986
38,Andrew Isgar,1951/10/21,PO Box 17671,Tampa,33615,FL,813-325-3560
39,Edwina Hotson,1963/07/30,Suite 76,New York City,10270,NY,718-826-7412
40,Hunfredo Comfort,1971/09/16,Room 1824,Los Angeles,90060,CA,323-483-8200
41,Vasilis Ellyatt,1990/10/30,Room 1394,Detroit,48217,MI,313-391-3096
42,Chaim Nevett,1982/07/06,Apt 520,Reston,22096,VA,571-372-6121
43,Shayne Munford,2004/11/15,Apt 1496,Gaithersburg,20883,MD,240-170-1794
44,Carolann Govenlock,1977/11/17,Room 1581,Cincinnati,45264,OH,513-100-8015
45,Ann Kinnear,1989/06/02,PO Box 62850,San Antonio,78260,TX,830-349-9419
46,Judith Lingfoot,1978/10/05,Room 1330,Las Vegas,89105,NV,702-548-7673
47,Meridel Whitebrook,1977/10/14,PO Box 24655,Dallas,75323,TX,214-828-3964
48,Cherice Gresswell,2004/02/13,6th Floor,Humble,77346,TX,713-629-4920
49,Merwyn Goodfield,1951/11/02,5th Floor,Boston,02119,MA,617-348-4324
50,Laughton Hayen,1997/09/16,Suite 30,New York City,10270,NY,347-180-8640
51,Giordano Fogg,1954/08/06,PO Box 45136,New York City,10275,NY,212-310-9361
52,Belva Karolowski,1960/09/06,Suite 94,Omaha,68124,NE,402-568-5420
53,Clarinda Lydford,1950/08/18,Room 240,Oklahoma City,73119,OK,405-316-1575
54,Marieann Ebbett,1998/03/15,Room 62,Washington,20397,DC,202-747-1739
55,Pippo Handmore,1957/06/06,Apt 1408,Santa Barbara,93111,CA,702-565-7894
56,Alethea Farren,1993/05/25,Apt 1658,Mobile,36616,AL,251-543-8619
57,Antoinette Streatfield,1975/09/24,18th Floor,Seattle,98121,WA,425-491-7559
58,Willie Toward,1961/10/12,Suite 95,Pensacola,32520,FL,850-854-8931
59,Denis Klausewitz,1987/02/10,Apt 1902,Visalia,93291,CA,559-416-0462
60,Dermot Dumbellow,2001/07/24,12th Floor,Evansville,47737,IN,812-812-2584
61,Ezri Jurczyk,1967/09/05,Suite 7,Garland,75049,TX,214-327-7348
62,Milt Glenwright,1956/05/09,Room 398,New Brunswick,08922,NJ,732-398-8181
63,Dud Wavell,1968/03/22,Suite 97,San Diego,92196,CA,619-983-1640
64,Wilton Work,1991/11/06,Apt 164,Oklahoma City,73109,OK,405-262-4105
65,Aubert St. Pierre,1955/10/10,PO Box 10751,Waterbury,06721,CT,203-839-7504
66,Cele Aleksandrev,1965/06/04,Suite 50,Rochester,14624,NY,585-848-9838
67,Arluene Swanton,1957/01/16,Room 1803,Torrance,90510,CA,818-719-7601
68,Rosa Jannings,1953/04/01,Room 1144,Sacramento,95838,CA,916-874-0581
69,Cosme Hogben,2001/07/31,18th Floor,Fort Wayne,46857,IN,260-722-9333
70,Shoshanna Chaudron,1980/11/11,5th Floor,Pittsburgh,15225,PA,412-738-8342
71,Phylis Claringbold,1951/01/03,Room 1090,Irving,75062,TX,469-136-3881
72,Carol-jean Rymell,1974/10/27,PO Box 56962,Boise,83727,ID,208-971-8906
73,Hermie Mellonby,2002/05/30,PO Box 11272,Miami,33175,FL,305-824-7450
74,Nanine Ditter,1983/02/28,Apt 474,Brooklyn,11241,NY,347-243-2955
75,Dill Georges,1960/03/05,Apt 612,Chicago,60646,IL,312-564-5627
76,Roanne Egdal,1988/10/23,Room 1546,San Diego,92110,CA,619-379-6040
77,Rabi Napolione,1989/05/27,Suite 28,Memphis,38150,TN,901-659-8374
78,Denice Jennins,1986/04/27,Suite 20,Pittsburgh,15240,PA,412-308-8857
79,Tanya Rottgers,1965/11/19,PO Box 592,New Haven,06533,CT,203-404-9747
80,Vincenty Dmitrienko,1976/09/05,Apt 804,Lancaster,93584,CA,661-275-6251
81,Putnam Dudson,1989/10/11,PO Box 57913,Cape Coral,33915,FL,239-404-9150
82,Tate McLay,1994/06/08,Room 720,Honolulu,96845,HI,808-976-9630
83,Ynes Goulding,1993/01/07,PO Box 5771,Alexandria,22301,VA,202-156-3182
84,Charisse Bandiera,1969/08/15,Apt 739,Pensacola,32575,FL,850-165-4976
85,Melania Ashbey,1962/06/07,Apt 1490,Grand Junction,81505,CO,970-166-8154
86,Gardie Drohan,1951/07/06,Suite 40,Bakersfield,93399,CA,661-222-3561
87,Agna Gregson,2004/08/03,Apt 820,Madison,53785,WI,608-534-1124
88,Trip Branthwaite,1983/01/03,Room 1904,Gatesville,76598,TX,254-582-9999
89,Thea Arlidge,1951/05/04,Apt 1084,Austin,78749,TX,512-811-8372
90,Roz Surman,2001/11/29,5th Floor,Lansing,48901,MI,517-331-6370
91,Ransom Capey,1980/11/28,Room 511,Washington,20546,DC,202-236-3218
92,Ysabel Sparrow,1976/05/03,Room 1774,San Diego,92121,CA,619-319-1422
93,Demetria Offell,1977/02/03,10th Floor,New York City,10170,NY,212-818-6668
94,Jock Paddemore,1982/07/05,16th Floor,Brockton,02405,MA,508-802-6769
95,Aldwin Vero,1969/02/11,PO Box 95129,Daytona Beach,32128,FL,386-139-9219
96,Erma Gainforth,1998/08/10,Apt 1064,Muncie,47306,IN,765-783-6686
97,Devin Tozer,1965/12/12,Room 861,Buffalo,14269,NY,716-490-5287
98,Blondelle Nutman,1973/04/24,Apt 1924,Cumming,30130,GA,706-531-9309
99,Norrie Okenden,1952/02/06,Room 1795,Richmond,23228,VA,804-124-8046
100,Traver Luebbert,1987/02/07,Suite 74,Jamaica,11499,NY,212-258-6271
101,Nickola Cutsforth,1994/10/25,Apt 1895,Charleston,29416,SC,843-772-3395
102,Catherine Caser,1953/07/21,PO Box 6843,Miami,33124,FL,786-397-2992
103,Gusta McNelis,1965/09/26,Suite 64,Oklahoma City,73152,OK,405-981-3534
104,Rudie Soldan,1956/05/07,Suite 93,Jacksonville,32236,FL,904-890-9757
105,Steffi Streeting,1992/12/28,Apt 1230,Greensboro,27409,NC,336-982-6587
106,Cull Dregan,1996/10/22,Room 1770,Marietta,30061,GA,770-169-2534
107,Dugald Grinnov,1954/03/17,Room 1329,Cincinnati,45223,OH,513-913-4922
108,Sabra Victory,1977/03/07,13th Floor,San Luis Obispo,93407,CA,805-940-6075
109,Lexi Farnworth,1981/10/06,Apt 1332,Chico,95973,CA,530-756-1714
110,Hillard Klimkovich,1979/11/04,Suite 87,Charleston,25356,WV,304-540-3620
111,Issi Bartak,1955/11/12,Suite 47,Charlotte,28272,NC,704-705-7611
112,Estevan Jeppensen,1954/04/01,Suite 84,Austin,78778,TX,512-249-2848
113,Ingram Lain,1988/05/31,Apt 1004,Huntington,25721,WV,304-323-1472
114,Jordon Stood,1980/07/11,PO Box 98195,Cedar Rapids,52405,IA,319-481-3347
115,Ema Mattiuzzi,1987/09/17,11th Floor,Erie,16505,PA,814-904-5515
116,Hobey Linley,2004/07/15,Suite 88,Flint,48505,MI,810-177-4753
117,Dur Dickins,1970/10/04,PO Box 51679,Memphis,38150,TN,901-109-3360
118,Man Senten,1970/06/02,Apt 986,Syracuse,13217,NY,315-370-3660
119,Patrick Boyda,1955/03/08,Room 1697,San Diego,92121,CA,760-823-1319
120,Nichols Blancowe,2003/10/10,PO Box 45671,Tuscaloosa,35405,AL,205-661-8364
121,Stacy Glowinski,2004/11/09,Apt 1224,Indianapolis,46202,IN,317-928-0563
122,Parke Caldayrou,1984/06/10,PO Box 80929,North Hollywood,91616,CA,213-259-4459
123,Weidar McMullen,1973/10/03,Room 1591,Brooklyn,11241,NY,347-889-8900
124,Gianna Greder,1988/03/12,Suite 7,Wilmington,19810,DE,302-726-7188
125,Latashia Henriet,1952/08/16,16th Floor,Metairie,70005,LA,504-135-8268
126,Otto Dunphie,2004/05/28,PO Box 90510,Fort Worth,76129,TX,817-762-2807
127,Reggis Muddimer,1952/08/15,Suite 61,Mesa,85215,AZ,480-979-2593
128,Cacilie Norree,2003/06/23,Room 1318,Worcester,01610,MA,508-706-9532
129,Thorndike Hackleton,1998/03/04,9th Floor,Los Angeles,90040,CA,626-105-1971
130,Court Bowne,1952/05/13,6th Floor,Washington,20210,DC,202-536-7317
131,Ivan Cumes,1968/12/13,Room 18,Canton,44760,OH,330-137-3392
132,Rossie Faley,1983/07/21,PO Box 36135,Baton Rouge,70883,LA,225-619-9460
133,Carrie Partner,2003/02/02,Room 823,Sparks,89436,NV,775-767-1278
134,Candace Bagshawe,1980/08/02,7th Floor,Washington,20442,DC,202-670-5938
135,Karim Ablott,1992/07/17,Apt 125,New York City,10131,NY,212-220-4643
136,Dyana Barritt,1980/05/05,13th Floor,Abilene,79699,TX,325-734-2652
137,Elissa Asken,1986/01/29,Apt 378,Newark,07188,NJ,862-117-6921
138,Norina Bickell,1951/02/03,Room 1516,Youngstown,44511,OH,330-348-4565
139,Hugues Girodon,1986/07/28,13th Floor,Woburn,01813,MA,339-876-9388
140,Marsiella Meaton,1989/06/18,Room 1986,Dulles,20189,VA,571-350-0541
141,Roselia Hadwen,1987/07/13,1st Floor,Washington,20591,DC,202-546-5704
142,Meade Illyes,1950/07/14,Suite 77,Greensboro,27499,NC,336-101-1605
143,Dorrie Pennetti,1988/03/25,Suite 3,Norfolk,23509,VA,757-596-5352
144,Ira Bartunek,1989/06/19,PO Box 43873,Amarillo,79159,TX,806-513-2234
145,Zonnya Berthelmot,1974/04/23,9th Floor,Elmira,14905,NY,607-409-7591
146,Fern Okroy,2003/09/06,5th Floor,El Paso,88584,TX,915-992-4025
147,Cynde Halfhead,1971/11/19,Room 105,Fort Lauderdale,33315,FL,954-820-4634
148,Gill Wollacott,2002/06/01,Apt 1679,Louisville,40210,KY,502-335-1974
149,Huntley Aries,1989/07/08,Room 1885,Evansville,47725,IN,812-866-2506
150,Tailor Saphir,1994/10/09,Suite 30,Omaha,68144,NE,402-487-0652
151,Joyous Jenteau,1980/03/15,Room 1501,Atlanta,30351,GA,404-417-9864
152,Kalina Wield,1960/11/03,Suite 65,Buffalo,14233,NY,716-693-9885
153,Dita Learmouth,1962/06/01,Apt 1385,Dallas,75221,TX,972-280-3135
154,Isidora Philippsohn,1959/11/23,PO Box 28449,Pasadena,77505,TX,281-325-9992
155,Louisette Bagge,1959/03/10,16th Floor,Topeka,66699,KS,785-400-8054
156,Berkie Bosket,1986/03/24,Room 984,Schenectady,12305,NY,518-856-9976
157,Cory Sillars,1966/08/21,PO Box 53525,Dallas,75379,TX,214-811-7655
158,Lorettalorna Pockett,1972/12/09,Suite 100,Albuquerque,87180,NM,505-789-3596
159,Laird Smyth,1983/12/09,Room 892,Columbus,43284,OH,614-621-2981
160,Olly Kemwall,1954/03/18,Room 1319,San Luis Obispo,93407,CA,805-918-3979
161,Vladimir Girke,1968/04/24,Room 1259,Sacramento,94250,CA,916-119-4368
162,Joleen Mac Geaney,1973/12/06,Suite 13,Saint Louis,63167,MO,314-450-4092
163,Evin Zorzini,1954/07/28,7th Floor,Tyler,75710,TX,903-628-7106
164,Bethany Kyberd,1967/10/11,Apt 1212,Spokane,99205,WA,509-286-7188
165,Morten Bilsborrow,1998/01/02,16th Floor,Salt Lake City,84145,UT,801-450-3919
166,Amalle Minchindon,1980/05/24,17th Floor,Corpus Christi,78465,TX,361-566-6051
167,Ruth Sandbatch,1951/03/05,Suite 90,Wichita,67210,KS,316-946-7984
168,Kathe Dallender,1996/11/07,Suite 60,Huntington,25709,WV,304-610-8612
169,Tiena Casaccia,2001/04/24,Apt 1515,Clearwater,34629,FL,727-721-7133
170,Loralyn Jermin,1992/01/09,6th Floor,Tampa,33620,FL,813-190-3968
171,Chloe Froud,1965/05/13,Suite 70,Pittsburgh,15235,PA,724-765-2204
172,Neville Goodisson,1972/06/11,Suite 67,Denver,80270,CO,303-211-4819
173,Lydia Chastel,1994/10/26,Suite 33,Saint Petersburg,33705,FL,813-389-1838
174,Hamlen Bestwick,1963/02/11,6th Floor,Mesa,85205,AZ,480-751-5461
175,Kimmi Sandwith,1956/06/16,19th Floor,Hattiesburg,39404,MS,601-971-2663
176,Kathie Higounet,1976/10/10,PO Box 64009,Houston,77015,TX,713-452-3637
177,Orton Booth-Jarvis,1979/09/21,Room 502,Brooklyn,11254,NY,212-131-3865
178,Delcina Burtonshaw,1985/05/18,Suite 85,Fullerton,92640,CA,559-111-2909
179,Gertie Habeshaw,1972/01/19,5th Floor,Zephyrhills,33543,FL,813-494-2978
180,Nikola Joplin,1998/06/25,PO Box 1047,Richmond,23213,VA,804-836-4053
181,Mick Randles,1952/08/07,Apt 1036,Atlanta,30301,GA,770-403-4728
182,Crin Fullstone,1964/05/09,PO Box 12737,Asheville,28805,NC,828-738-0761
183,Brewster Brandenberg,2004/10/25,Room 865,Dayton,45414,OH,937-196-8700
184,Ellen Addyman,2002/08/14,15th Floor,Phoenix,85072,AZ,602-768-2740
185,Nedda Hallmark,1988/09/01,Room 490,Tyler,75710,TX,903-638-0432
186,Pamelina Velasquez,1985/11/23,18th Floor,Charlotte,28235,NC,704-800-7496
187,Caressa Wolland,1992/03/24,PO Box 72474,Knoxville,37995,TN,865-964-6667
188,Hallie Iacabucci,1977/02/17,Room 1844,Washington,20051,DC,202-622-7953
189,Gloriane Noke,1966/04/27,Room 965,Austin,78769,TX,512-682-7097
190,Northrop Bramelt,1970/02/11,13th Floor,Seattle,98104,WA,425-170-2643
191,Puff Hedditeh,2001/04/19,Suite 13,Sandy,84093,UT,801-815-9266
192,Marshall Giacomazzo,1955/11/23,PO Box 47401,Lexington,40524,KY,859-112-8115
193,Hayley Treanor,1952/10/04,Apt 1517,Lexington,40581,KY,859-445-5570
194,Lonny Longmate,1965/08/14,PO Box 55680,Gary,46406,IN,219-415-8531
195,Hilliard Stalley,1979/07/07,Suite 81,Pittsburgh,15286,PA,412-151-3483
196,Hallie Skep,2003/01/15,Apt 393,Washington,20231,DC,202-503-3758
197,Alexandra Gothard,1990/07/18,Room 150,Charleston,25313,WV,304-969-6423
198,Lynne Tidbold,1999/01/03,Apt 395,Austin,78726,TX,512-878-6053
199,Marsiella Goforth,1987/09/14,17th Floor,Rockford,61105,IL,815-466-9307
200,Wiley Padillo,2000/09/01,PO Box 61401,Olympia,98506,WA,360-589-0727
201,Adena Wigmore,1983/07/12,PO Box 54829,Houston,77281,TX,713-257-7171
202,Stevie Eade,1970/12/19,PO Box 76396,Winston Salem,27105,NC,704-262-8083
203,Becky Staten,1996/11/12,PO Box 94521,Lincoln,68505,NE,402-370-7286
204,Quintus Croke,1967/01/17,14th Floor,Cleveland,44111,OH,216-406-8166
205,Cookie Ends,2001/12/14,Room 558,Houston,77090,TX,281-125-2504
206,Tammara Swalowe,1991/11/24,12th Floor,Sacramento,95818,CA,916-537-2509
207,Hasheem de Keep,1967/02/26,Apt 1797,Atlanta,30343,GA,404-435-4317
208,Vi Lutton,1971/04/01,PO Box 36472,Raleigh,27610,NC,919-678-0954
209,Bertrand Davers,1988/02/14,PO Box 87951,Jackson,39236,MS,601-122-2626
210,Sharline Peacop,1988/08/31,Room 496,Philadelphia,19160,PA,215-953-2072
211,Tripp MacNeil,1971/11/08,Apt 1712,Tucson,85705,AZ,520-938-1007
212,Jasmina Hawken,1997/01/03,PO Box 29585,Omaha,68110,NE,402-476-1343
213,Meriel Smullin,2000/12/18,Room 554,Arlington,22234,VA,571-836-5549
214,Essy Dudenie,1981/08/16,1st Floor,Arvada,80005,CO,303-991-1109
215,Melva Varndell,1958/09/08,6th Floor,Lake Worth,33467,FL,561-211-2285
216,Sigfried Pamplin,1950/05/22,Suite 11,Charlottesville,22903,VA,434-340-4241
217,Scotti Iorillo,1976/02/23,Suite 59,Phoenix,85010,AZ,602-159-6799
218,Stern Capenor,1980/12/03,PO Box 35185,Panama City,32412,FL,850-872-0442
219,Thorsten Gages,1989/04/24,5th Floor,Denton,76205,TX,817-851-5575
220,Sterne Schohier,1954/06/29,Apt 561,Beaverton,97075,OR,503-568-9077
221,Sonni Rubinfeld,1980/02/06,Room 896,Cincinnati,45208,OH,513-511-3796
222,Mill Slay,1953/03/24,3rd Floor,Biloxi,39534,MS,228-920-7308
223,Karel Duguid,1955/12/22,Suite 50,New York City,10260,NY,212-676-3404
224,Garv Easeman,1970/02/26,PO Box 28961,Evansville,47705,IN,812-346-2881
225,Korey Ramiro,1969/11/23,Apt 1927,Bakersfield,93399,CA,661-952-2796
226,Sauveur Forryan,1969/04/22,Suite 76,Pensacola,32511,FL,850-896-3902
227,Angeli Kinmond,1971/09/11,Apt 117,Richmond,23220,VA,804-452-6005
228,Rodolph Gonsalvo,1983/03/04,2nd Floor,Boston,02216,MA,617-582-7499
229,Jaynell Zuann,1958/08/23,Room 1937,Philadelphia,19115,PA,267-575-9361
230,Montgomery Gebhard,1963/12/06,Apt 1740,San Diego,92115,CA,619-973-4239
231,Natala Balk,1980/08/24,PO Box 15700,Shreveport,71161,LA,318-965-8359
232,Becky Zammitt,1992/11/06,Room 1421,Atlanta,30301,GA,404-125-9912
233,Zachariah Britney,1979/01/31,PO Box 12226,El Paso,88546,TX,915-928-9198
234,Tedd Jest,1972/11/29,Apt 1194,Tucson,85748,AZ,520-873-4435
235,Brunhilde Galilee,1978/04/06,Room 345,Rochester,14619,NY,585-755-2226
236,Gwendolyn McCreedy,2002/08/30,Room 694,San Diego,92127,CA,760-877-3931
237,Remus Toppes,1954/01/23,Apt 323,Washington,20029,DC,202-604-7192
238,Jeramie Ducarne,1997/01/13,19th Floor,Irvine,92717,CA,714-436-7405
239,Dawna Vigus,1977/07/20,Apt 1925,Greensboro,27415,NC,336-149-7777
240,Allistir Jozwik,1956/07/09,PO Box 63225,Fort Myers,33994,FL,239-837-9608
241,Reginauld Hapke,1959/02/13,Suite 64,Littleton,80161,CO,720-875-9436
242,Gretel Trematick,1967/11/26,15th Floor,Pittsburgh,15215,PA,412-381-3592
243,Adele Sheal,1989/12/14,PO Box 58332,Nashville,37245,TN,615-471-8471
244,Ruggiero Guerre,1958/04/21,Room 420,Nashville,37250,TN,615-634-5062
245,Gui Frankcomb,1972/10/07,Room 1676,Indianapolis,46231,IN,317-912-6388
246,Tracy Burburough,1983/01/01,PO Box 79945,Washington,20430,DC,202-775-6962
247,Alfi Bassam,2002/04/23,Apt 607,Jacksonville,32209,FL,904-864-3538
248,Evvy Battell,1973/09/08,PO Box 35223,New York City,10115,NY,212-189-2182
249,Gizela Kinge,1961/07/09,19th Floor,Burbank,91520,CA,323-454-0518
250,Garry Hayle,1969/11/20,Room 1751,Dallas,75251,TX,469-587-9972
251,Jasmina McInally,1953/06/07,PO Box 11477,Lawrenceville,30045,GA,678-533-6076
252,Lissi Iverson,1981/01/29,Apt 536,Edmond,73034,OK,405-727-5642
253,Jasmin Rodenburgh,1968/04/05,PO Box 85489,Columbus,43215,OH,513-370-3076
254,Whitney Champneys,1991/08/22,Room 1625,Lynchburg,24515,VA,434-565-2518
255,Odie McKinnell,1978/10/08,Suite 51,Birmingham,35285,AL,205-928-5272
256,Alayne Dunphy,1997/03/05,PO Box 91901,Houston,77293,TX,281-203-8688
257,Emmy Mecozzi,1999/12/13,PO Box 6282,Wilmington,19886,DE,302-134-8574
258,Drucill Sworder,1996/12/07,Suite 18,Vero Beach,32969,FL,772-291-2367
259,Dugald Lake,1957/11/20,PO Box 67667,Dallas,75231,TX,972-667-3459
260,Dare Castella,1985/04/01,PO Box 35381,Round Rock,78682,TX,512-972-5401
261,Gavrielle Keene,1955/07/24,Suite 97,Boston,02283,MA,617-155-0488
262,Elsa Pellamont,1971/03/12,Room 1202,Lubbock,79452,TX,806-771-6933
263,Gabrielle Waterstone,1989/01/30,Room 1840,Washington,20051,DC,202-883-6465
264,Arny Schriren,1985/04/07,11th Floor,Tulsa,74116,OK,918-648-9511
265,Rozelle Hise,1985/08/06,13th Floor,Midland,79710,TX,432-544-1254
266,Mala Gandy,1994/12/28,Room 373,York,17405,PA,717-130-4391
267,Brier Gilffilland,2002/07/04,12th Floor,Miami,33153,FL,786-218-0952
268,Cleopatra Duffin,1984/11/22,Apt 428,Wilmington,19897,DE,302-445-3166
269,Simeon Monketon,1991/09/18,PO Box 21399,Colorado Springs,80925,CO,719-243-6898
270,Kelci Moylane,1957/10/12,PO Box 82573,Minneapolis,55402,MN,651-775-2932
271,Helen-elizabeth Brandolini,1979/10/30,Suite 66,Des Moines,50347,IA,515-597-2193
272,Kattie Ridsdale,1981/11/25,Suite 63,Bloomington,47405,IN,812-463-2694
273,Shannah Matas,1989/07/18,8th Floor,Charlotte,28284,NC,704-465-5654
274,Karina Ollett,2001/04/22,Apt 1466,Fort Worth,76198,TX,682-815-2872
275,Leland Yitzovicz,2000/01/21,Suite 5,Savannah,31422,GA,912-164-2575
276,Meg Macek,1996/09/09,Room 189,Boynton Beach,33436,FL,561-412-3009
277,Locke Longworthy,1992/04/24,17th Floor,Schaumburg,60193,IL,708-333-6429
278,Yale Darlaston,1953/12/13,4th Floor,Bradenton,34205,FL,941-422-0093
279,Nobe Kinsman,1995/05/13,11th Floor,Saint Paul,55172,MN,651-993-3778
280,Winnie McRae,1953/12/04,Apt 403,El Paso,88530,TX,915-150-7547
281,Terri Moscone,1992/11/22,PO Box 3068,Buffalo,14220,NY,716-741-0901
282,Winnifred MacCurlye,1959/02/24,PO Box 47465,Worcester,01605,MA,508-852-3320
283,Oliy Betonia,1961/02/27,12th Floor,Saint Louis,63150,MO,314-967-1383
284,Dane Prettjohn,1968/09/11,Suite 28,Jacksonville,32209,FL,904-633-5407
285,Pate Cullen,1981/02/09,Suite 65,Chula Vista,91913,CA,619-938-8495
286,Sam Fitzer,1956/03/19,Suite 23,Trenton,08619,NJ,609-286-7638
287,Kelci Cockitt,1995/11/24,Apt 1120,Louisville,40205,KY,502-310-5756
288,Jennette Chue,1967/02/06,Suite 28,Winston Salem,27116,NC,336-897-0244
289,Meriel Hutchinges,1983/12/24,Room 242,Durham,27710,NC,919-311-3944
290,Rafe Dallas,1979/03/24,16th Floor,North Port,34290,FL,941-431-2737
291,Zola Towsie,1987/02/19,Suite 75,Athens,30605,GA,706-277-9371
292,Jud Richt,1996/11/16,4th Floor,Salt Lake City,84110,UT,801-484-6050
293,Janos Watkin,1964/04/05,PO Box 27742,Grand Rapids,49560,MI,616-171-9411
294,Shaun Theurer,1966/12/31,Suite 90,Spring Hill,34611,FL,352-545-1340
295,Cinnamon Goodnow,1969/01/22,PO Box 22369,Philadelphia,19136,PA,267-901-7510
296,Marguerite Hutchinson,1965/07/17,Apt 211,Canton,44710,OH,330-289-6992
297,Nathanial Spare,1985/12/25,PO Box 34078,Washington,20420,DC,202-228-0903
298,Evangeline Ancketill,1957/01/21,16th Floor,El Paso,88546,TX,915-304-7475
299,Ranice Bodleigh,1987/07/18,Room 1833,Washington,20370,DC,202-695-8410
300,Gillian Joffe,1997/11/25,Apt 1401,Boston,02114,MA,617-554-5541
301,Gearard Collecott,1951/04/09,11th Floor,Chattanooga,37410,TN,423-777-2275
302,Haleigh Wealthall,1973/06/13,1st Floor,Tulsa,74108,OK,918-726-6581
303,Galina O'Cullinane,1978/11/09,Suite 23,El Paso,79999,TX,915-490-7427
304,Berton Hannaby,1990/07/01,PO Box 54562,Tampa,33620,FL,813-117-0897
305,Ester Gilbank,1993/04/28,Suite 77,Vienna,22184,VA,571-386-1664
306,Robyn Lanfere,1983/05/19,Suite 70,Charlottesville,22908,VA,434-294-8880
307,Raina Armour,1965/02/14,15th Floor,Tulsa,74141,OK,918-694-8908
308,Christy Langsdon,2004/01/16,Apt 1058,Las Vegas,89178,NV,702-158-9171
309,Ely Dymoke,1973/04/25,PO Box 91285,Honolulu,96815,HI,808-834-3018
310,Averil Hadley,1993/12/29,Room 1017,San Jose,95133,CA,408-118-1002
311,Winny Jacobi,1982/04/11,20th Floor,Jacksonville,32236,FL,904-800-1788
312,Chen Jullian,1965/06/10,Suite 85,Philadelphia,19120,PA,267-483-6832
313,Hillard Mates,1959/04/20,Apt 845,Petaluma,94975,CA,707-847-7548
314,Julie Badwick,1965/02/21,PO Box 53196,Bismarck,58505,ND,701-252-6488
315,Adolphus Canape,1979/03/10,PO Box 59158,El Paso,88535,TX,915-481-1428
316,Maddalena Broggelli,1966/09/07,11th Floor,Cheyenne,82007,WY,307-723-3665
317,Meghan Tuckey,1977/03/09,15th Floor,Kansas City,64187,MO,816-673-8886
318,Dell Chalice,1990/07/01,PO Box 59062,Lincoln,68510,NE,402-637-6886
319,Crystie Arro,1950/08/03,Apt 1298,Las Vegas,89125,NV,702-244-6541
320,Vaughan Lakes,1981/08/08,Suite 23,Laurel,20709,MD,410-754-2239
321,Leigha Triggle,1965/03/31,Apt 50,Syracuse,13224,NY,315-587-5779
322,Peterus Tallant,1964/05/27,Apt 1866,Atlanta,30328,GA,770-468-3947
323,Cart Waterworth,1987/11/24,Apt 1765,Birmingham,35231,AL,205-926-2935
324,Shina Gheeraert,1951/10/24,Suite 76,Delray Beach,33448,FL,561-626-6496
325,Monique Woollcott,1951/08/23,PO Box 15002,Palm Bay,32909,FL,561-627-7468
326,Madge Dennerley,1997/09/28,6th Floor,Spring Hill,34611,FL,352-335-4778
327,Joceline McEntegart,1982/12/10,Suite 40,Pittsburgh,15230,PA,412-859-1728
328,Rocky Greeve,1970/06/14,Suite 32,Cambridge,02142,MA,857-684-1867
329,Brett Endon,1960/03/24,Suite 6,Amarillo,79182,TX,806-827-6556
330,Ainsley Doogan,1984/07/14,Apt 1758,Jefferson City,65105,MO,573-885-4423
331,Sherwin Almak,1963/12/05,Apt 285,Rochester,14624,NY,585-417-1531
332,Roi Jirek,1988/10/01,PO Box 74304,Washington,20073,DC,202-873-2141
333,Kerstin Troake,1984/11/26,PO Box 79558,Carol Stream,60351,IL,309-402-2832
334,Pier Battell,1999/06/03,Room 1910,Stamford,06922,CT,203-312-4328
335,Esteban Chicchetto,1994/05/18,PO Box 49756,Syracuse,13251,NY,315-191-0719
336,Gerta Lambotin,1958/09/03,17th Floor,Anderson,46015,IN,765-337-5921
337,Jessie Yerrill,1971/01/22,Suite 30,Brockton,02405,MA,508-239-1185
338,Renado Girdwood,1964/04/30,Apt 735,Henderson,89074,NV,702-882-2037
339,Fabe Mainland,1958/03/03,Suite 47,Pittsburgh,15225,PA,412-816-5863
340,Joey Ravilious,1952/03/04,Apt 1027,Portland,97229,OR,971-329-4496
341,Nicole Leiden,1952/01/06,Room 11,Anaheim,92812,CA,714-624-4778
342,Cordy Carlet,1973/04/30,Suite 16,Lexington,40524,KY,859-711-2461
343,Jaime Didsbury,1966/02/14,PO Box 68730,Kansas City,64149,MO,816-903-5014
344,Rozanna Counihan,1967/04/12,PO Box 92128,Fort Worth,76178,TX,682-894-7496
345,Witty Fealey,1961/11/22,16th Floor,Knoxville,37924,TN,865-738-8152
346,Fabio Hutsby,1964/09/22,Apt 1106,Knoxville,37931,TN,865-512-7832
347,Aurea Tarn,1997/09/18,Apt 497,Pittsburgh,15230,PA,412-707-6239
348,Graehme Berre,2000/06/05,Suite 32,Saint Louis,63167,MO,314-844-9903
349,Christean Gandley,1954/07/18,PO Box 53495,Wilmington,19805,DE,302-559-3827
350,Rey McCathay,1972/06/26,Room 1704,Washington,20260,DC,202-580-7111
351,Emanuele Vasin,1979/07/30,17th Floor,Sacramento,95852,CA,916-984-6099
352,Ave Blaise,1989/01/06,17th Floor,Littleton,80126,CO,303-450-1378
353,Koral Kennedy,1969/07/22,Apt 553,Austin,78749,TX,512-448-3042
354,Roanna Davydenko,1974/12/24,Room 806,Springfield,65805,MO,417-451-1245
355,Jess Nizet,1953/10/30,Apt 712,Fort Worth,76192,TX,682-858-7071
356,Lorianna Haryngton,1999/05/04,16th Floor,Lincoln,68510,NE,402-777-1942
357,Petr McCullough,1969/08/20,9th Floor,El Paso,79984,TX,915-678-8429
358,Wright Rawdales,1977/05/11,14th Floor,Pueblo,81005,CO,719-253-5512
359,Steve Farrah,1980/06/04,Room 1704,Fort Lauderdale,33345,FL,754-698-0354
360,Noll Jefferies,1989/06/14,PO Box 24199,Gaithersburg,20883,MD,240-375-7902
361,Derk Rayer,1952/10/12,PO Box 11906,Pittsburgh,15225,PA,412-408-2539
362,Melamie Yeude,1953/10/07,Suite 65,Alpharetta,30022,GA,404-262-4694
363,Wiley Sabathier,1952/11/29,Room 593,Chicago,60697,IL,312-847-7444
364,Lesley Sennett,1977/06/07,Room 1442,Honolulu,96820,HI,808-692-8977
365,Derk Hedylstone,1984/01/30,PO Box 65580,Columbus,43215,OH,513-904-1671
366,Nelly Benit,1976/01/14,6th Floor,Denver,80235,CO,720-586-4508
367,Otha Van Saltsberg,1981/08/02,PO Box 51227,Miami,33245,FL,786-432-5915
368,Radcliffe Bouzan,1991/06/27,Apt 887,Irvine,92619,CA,949-873-7075
369,Kelli Thomson,1972/06/14,Apt 317,Sacramento,95852,CA,916-532-5912
370,Nelli Venton,1986/08/05,15th Floor,Juneau,99812,AK,907-102-3661
371,Mark Gittens,1987/11/17,Suite 43,New York City,10275,NY,212-942-7013
372,Fielding Timbrell,1982/10/10,Apt 1630,Jamaica,11431,NY,212-235-3313
373,Dolf Tappington,1969/03/01,PO Box 77747,Irvine,92710,CA,714-523-3083
374,Chance McLewd,1999/02/08,3rd Floor,San Luis Obispo,93407,CA,805-428-0144
375,Odilia Senten,1979/12/10,PO Box 53878,Wilmington,19805,DE,302-252-8652
376,Fancy Landreth,2003/08/12,12th Floor,Roanoke,24040,VA,540-938-6173
377,Corty Glazier,1958/04/04,6th Floor,San Diego,92196,CA,619-877-0884
378,Dew Tamburi,1980/07/15,Suite 6,Pocatello,83206,ID,208-379-6426
379,Alwyn Reichert,1965/02/21,Room 405,Houston,77045,TX,281-213-6314
380,Viva Passie,1978/08/28,Suite 30,Portland,97232,OR,971-887-2377
381,Marlee Bratchell,1978/04/02,Suite 28,Saint Louis,63131,MO,636-149-1452
382,Lynea Darter,1960/12/11,Suite 11,Seattle,98109,WA,360-697-3834
383,Mickie Prinnett,1951/07/13,Suite 56,Honolulu,96815,HI,808-673-8956
384,Brooks Deave,1981/04/20,Room 1090,Philadelphia,19104,PA,610-973-1737
385,Martino Heisham,1974/10/10,20th Floor,Minneapolis,55428,MN,612-698-9110
386,Vinny Clow,1953/11/23,Room 36,Albuquerque,87180,NM,505-931-0574
387,Cecilio Erdis,1978/07/03,Suite 68,Roanoke,24034,VA,540-662-4013
388,Brittaney Sherwood,1975/07/26,Suite 36,Saint Louis,63150,MO,314-719-2151
389,Hercule Morrowe,1990/12/06,Suite 48,Birmingham,35210,AL,334-968-4663
390,Veronique Waycott,1993/05/15,Room 1502,Evansville,47747,IN,812-719-7888
391,Dulcea Chillingsworth,1991/04/05,Room 452,Bonita Springs,34135,FL,941-628-2479
392,Merry Deaville,1971/12/24,Suite 72,Atlanta,30380,GA,404-344-5538
393,Tabbie Lowthorpe,1970/08/24,Room 788,Columbus,43284,OH,614-470-5874
394,Wash Deniske,1987/04/16,Suite 43,Detroit,48206,MI,586-708-8475
395,Louisette Adnams,1965/12/22,Apt 1937,Tucson,85743,AZ,520-464-6811
396,Tracee Ellery,1975/11/28,Suite 42,Phoenix,85099,AZ,602-891-5930
397,Veronica Quilkin,1992/06/21,14th Floor,Beaumont,77713,TX,409-727-1629
398,Ole Heiner,1958/01/24,3rd Floor,Columbia,29240,SC,803-345-5050
399,Eba Foster-Smith,1973/05/10,Room 1326,Oakland,94611,CA,510-961-1786
400,August Beadman,1987/07/22,PO Box 35002,Denton,76210,TX,817-914-5432
401,Dianemarie Challiner,2001/06/09,Room 542,Scottsdale,85271,AZ,480-344-9326
402,Yuri MacDonagh,1969/03/28,PO Box 24017,Saint Louis,63143,MO,314-319-7510
403,Virgilio Simmens,1994/04/13,Suite 19,Annapolis,21405,MD,410-660-9431
404,Caprice Wimpenny,1985/10/07,19th Floor,Olympia,98516,WA,360-893-4419
405,Tisha Prichet,1978/10/20,4th Floor,Odessa,79764,TX,432-457-5112
406,Patten Klimkowski,1956/04/12,PO Box 96653,Pueblo,81015,CO,719-715-8924
407,Clevie Lawrance,2003/02/16,PO Box 65649,Erie,16534,PA,814-116-1586
408,Marylin Latchmore,1982/03/03,Apt 682,Austin,78703,TX,512-182-0458
409,Aline Holhouse,1982/12/01,Suite 31,Wichita,67230,KS,316-658-3591
410,Glynnis Treat,1977/04/29,Apt 1912,Shawnee Mission,66220,KS,913-459-8042
411,Skipp Danbury,2000/01/23,PO Box 54761,Greensboro,27404,NC,336-630-7258
412,Annalee Mudle,1986/03/27,Room 780,Savannah,31410,GA,912-335-9028
413,Onfre Massel,1983/11/20,PO Box 69182,Knoxville,37924,TN,865-778-0000
414,Deirdre Chancellor,2000/02/05,Suite 25,Honolulu,96825,HI,808-983-3571
415,Brigham Beattie,1954/09/12,Apt 1158,Arlington,22217,VA,571-742-2208
416,Petey Kinze,1961/01/13,Apt 1638,Richmond,23277,VA,804-907-5589
417,Sibella Chaters,1990/05/27,Apt 1609,Nashville,37220,TN,615-260-2374
418,Kipp O'Kane,1968/09/08,Apt 1480,New York City,10115,NY,212-254-3091
419,Denna Humm,1985/04/07,Suite 25,Portland,97271,OR,971-234-7119
420,Ninnette Rowlett,1970/06/02,13th Floor,Richmond,23272,VA,804-551-0120
421,Lorri Breese,1964/03/28,Room 391,Tacoma,98442,WA,253-127-3644
422,Betteann Romaines,1967/01/19,Room 40,Schaumburg,60193,IL,708-510-5750
423,Pearl Kilner,1967/11/11,15th Floor,El Paso,79989,TX,915-153-7339
424,Krissie Fairbrace,1977/02/17,Apt 196,San Jose,95128,CA,408-610-5335
425,Latia Gullefant,1975/02/07,PO Box 13271,Kansas City,66105,KS,913-516-4509
426,Keven Hebron,1956/04/16,PO Box 54678,Seattle,98121,WA,425-991-2733
427,Marielle Ephgrave,1984/11/29,Suite 90,New Orleans,70129,LA,504-560-9078
428,Denna Mulhall,1976/04/25,Apt 420,El Paso,79994,TX,915-524-5206
429,Norman O'Lenechan,1982/07/11,Suite 95,Tacoma,98464,WA,253-920-4806
430,Natty Spat,1960/10/29,Apt 1868,Memphis,38104,TN,615-335-6504
431,Decca Davidow,1960/05/14,Suite 55,Madison,53716,WI,608-570-3637
432,Lek Decreuze,1969/10/05,Room 939,Anchorage,99517,AK,907-146-0792
433,Grady Touret,1955/02/22,Suite 84,Ashburn,22093,VA,571-715-8380
434,Isaak Byne,1982/02/11,4th Floor,Dayton,45403,OH,937-329-5353
435,Caz Hardwidge,1974/05/28,PO Box 596,Saint Paul,55188,MN,651-858-9713
436,Alonso Daymond,1993/03/31,Apt 1809,North Port,34290,FL,941-916-9440
437,Pippa Dowe,1968/03/07,Apt 750,Los Angeles,90010,CA,323-738-1398
438,Corinna Heaseman,1952/08/14,PO Box 28362,Orlando,32854,FL,407-929-9294
439,Mabelle Hemeret,1999/08/14,Suite 22,Orlando,32868,FL,407-176-7733
440,Gar Hedditch,1979/02/25,2nd Floor,Sacramento,94263,CA,916-250-6016
441,Talia Klossmann,1963/05/15,Room 1743,Dallas,75226,TX,972-833-6542
442,Rhodia Higgoe,1982/05/03,Apt 1521,San Diego,92121,CA,619-765-4322
443,Dorrie Ivers,1968/02/07,Room 1307,Trenton,08603,NJ,609-192-1239
444,Angil McGaughay,1965/05/25,Apt 440,Newton,02162,MA,508-433-5508
445,Silva Bodycote,1956/04/18,Room 1852,Salinas,93907,CA,831-467-8458
446,Che Hapke,1966/03/22,19th Floor,Tulsa,74156,OK,918-152-3166
447,Lev Arthurs,1956/02/21,9th Floor,Colorado Springs,80925,CO,719-214-7175
448,Harli Thunderchief,1978/08/22,9th Floor,Anchorage,99507,AK,907-338-9899
449,Laurence Malcolmson,1979/06/03,Suite 63,Lynn,01905,MA,339-208-0800
450,Marilee Deards,1993/03/22,Apt 991,Lincoln,68505,NE,402-117-7030
451,Dido Giblin,1978/01/24,Apt 1226,Toledo,43635,OH,419-877-5248
452,Lacee Bedinn,1968/07/05,Suite 3,Saginaw,48609,MI,989-431-9324
453,Thane Nanninini,1994/10/09,Room 1661,Cleveland,44125,OH,216-754-8053
454,Raddie Ivanilov,1973/07/12,16th Floor,Portland,97229,OR,971-533-9195
455,Bennett Matley,1954/07/05,Apt 1109,Saint Petersburg,33710,FL,727-261-7970
456,Hyacintha Gernier,1963/06/22,Apt 1118,Toledo,43610,OH,419-665-2941
457,Nichol Spaughton,1979/10/05,Apt 1569,Cambridge,02142,MA,781-799-0656
458,Jacenta Okey,2003/05/17,19th Floor,Seattle,98166,WA,206-197-9961
459,Fair Readie,1963/01/15,Suite 39,Sioux Falls,57188,SD,605-829-4749
460,Chance Trethewey,1981/08/02,Suite 73,Montpelier,05609,VT,802-655-5290
461,Bernardina Whisson,1989/09/23,Suite 8,Sarasota,34233,FL,941-702-0949
462,Beatrix Uwins,1968/11/04,Room 204,Evanston,60208,IL,847-704-4649
463,Harcourt Orviss,1950/01/10,16th Floor,Plano,75074,TX,214-154-2520
464,Sayre Maguire,1978/06/26,PO Box 10665,New York City,10090,NY,212-547-0081
465,Dillon Daykin,1959/09/11,Room 1062,El Paso,88574,TX,915-207-5960
466,Desdemona Boriston,1977/10/04,Room 1702,Pensacola,32511,FL,850-965-1633
467,Drucy Boardman,1964/07/29,Room 1684,Jacksonville,32277,FL,904-994-2406
468,Allx Canadas,1960/02/15,Room 1376,San Diego,92121,CA,858-344-6189
469,Bartholomew Bigg,1994/07/02,PO Box 46455,Houston,77299,TX,713-875-8258
470,Alasteir Van der Son,1967/02/03,PO Box 80595,Louisville,40298,KY,502-668-6533
471,Nicole O'Lennachain,1990/06/16,PO Box 86885,Kansas City,64142,MO,816-680-6559
472,Bogart McRinn,1980/06/28,Room 1829,Portland,97201,OR,503-180-2295
473,Salvidor Emanulsson,1967/04/11,Apt 1329,Denver,80228,CO,720-178-0611
474,Jesus Izhak,1977/09/12,Room 1708,Charlotte,28247,NC,704-824-3934
475,Arthur Picton,1976/06/02,Suite 66,Naples,33963,FL,239-664-8797
476,Angelita Beresfore,1998/12/22,Apt 96,Lake Charles,70616,LA,337-531-8664
477,Fred Titherington,1973/12/17,Apt 807,Athens,30605,GA,706-337-9027
478,Stephana Rowlings,1991/01/07,13th Floor,Inglewood,90398,CA,310-778-6389
479,Gregor Fearneley,1996/01/30,PO Box 99344,Richmond,23277,VA,804-464-8638
480,Kimball Rowsel,1993/10/16,Suite 85,Tampa,33686,FL,813-872-2006
481,Jillayne Parris,1977/07/19,Suite 72,Atlanta,30386,GA,404-810-1462
482,Jonathon Totaro,1992/09/02,Apt 1595,Wilkes Barre,18768,PA,570-670-7578
483,Ivonne Reaveley,1976/06/25,PO Box 48870,Inglewood,90310,CA,310-397-2678
484,Berky Elven,1983/02/18,Room 671,Fairfax,22036,VA,571-259-5268
485,Laina Santon,1959/04/17,Apt 638,Shawnee Mission,66210,KS,913-345-8000
486,Reagen Tingcomb,1996/03/18,Apt 256,Pasadena,91199,CA,626-850-2929
487,Matthus Redholls,1954/03/13,Apt 461,Dayton,45419,OH,937-487-3975
488,Lannie Crust,1971/09/30,Apt 49,Clearwater,33763,FL,727-447-6253
489,Kimble Ackhurst,1975/08/22,Room 1753,Salinas,93907,CA,831-144-6354
490,Rois Kersley,1992/11/22,Apt 224,Honolulu,96820,HI,808-372-3011
491,Ilaire Van Niekerk,1994/09/11,Suite 27,Shawnee Mission,66286,KS,913-543-2633
492,Nerissa Allwell,1977/12/09,17th Floor,Amarillo,79165,TX,806-273-3390
493,Clim Tullot,1971/09/09,Room 222,Mesa,85215,AZ,602-227-2691
494,Thibaut Loblie,1983/01/11,Room 820,Albuquerque,87180,NM,505-491-0684
495,Ulysses Van Dijk,1983/09/01,6th Floor,Scottsdale,85271,AZ,480-902-7456
496,Kate Lambert-Ciorwyn,1963/09/20,Suite 56,Richmond,23213,VA,804-879-5363
497,Fielding MacFaell,1988/08/01,PO Box 50644,Sacramento,94250,CA,916-265-2225
498,Ashien Clulee,1979/08/09,Apt 178,Waterloo,50706,IA,319-563-4220
499,Shena Dufaire,2002/05/25,15th Floor,Gainesville,32605,FL,352-996-3907
500,Reinhold McTerlagh,1960/12/05,PO Box 48768,Provo,84605,UT,801-887-9318
501,Yance Wisker,1953/03/17,19th Floor,Portland,97206,OR,503-345-0490
502,Rosabel Yitzhak,2001/05/05,16th Floor,Honolulu,96850,HI,808-397-5102
503,Fanni Balogun,1974/05/09,Suite 20,Spring,77386,TX,281-797-1375
504,Lionello Blankett,1980/04/22,Suite 5,El Paso,79989,TX,915-314-2844
505,Michelle Divis,1971/12/15,Room 1017,New Haven,06533,CT,203-634-5458
506,Lewes Genge,1985/05/02,Suite 53,Oakland,94605,CA,510-552-9384
507,Sofie Billin,1989/11/05,PO Box 14100,Jacksonville,32209,FL,904-143-3308
508,Sherline Midford,1967/06/09,Apt 557,Columbus,43226,OH,614-571-4105
509,Leonora McMorran,1996/04/29,Apt 1782,Charlotte,28235,NC,704-105-3164
510,Morly Augustin,1957/10/11,Room 1889,Tucson,85715,AZ,520-972-6829
511,Beck Sauvan,1950/07/20,Room 1989,Shawnee Mission,66215,KS,913-161-0273
512,Rip Madgin,1971/05/07,Apt 587,Olympia,98516,WA,360-213-4562
513,Dorelle Keyser,2002/12/29,8th Floor,Albuquerque,87121,NM,505-990-2856
514,Gwenette Nuth,1969/05/03,Room 1556,Minneapolis,55480,MN,612-235-0266
515,Chicky Wix,2004/11/30,Apt 305,Saint Paul,55103,MN,612-574-1975
516,Salomone Alban,1959/08/31,Suite 79,Evansville,47725,IN,812-319-7367
517,Ranice Corsor,1956/11/10,Apt 2000,Chico,95973,CA,530-739-1769
518,Kingston August,1951/12/05,Room 1855,Washington,20503,DC,202-882-8956
519,Giraud Dallon,2002/01/17,PO Box 51126,Roanoke,24034,VA,540-139-6542
520,Sanson Scarratt,1956/03/16,PO Box 63132,Lafayette,47905,IN,765-424-3348
521,Lynelle Tooting,1967/02/11,PO Box 71876,Fort Wayne,46867,IN,260-328-4210
522,Harlan Keighly,1999/01/19,6th Floor,Midland,79705,TX,432-154-5212
523,Brittni Beininck,1957/01/30,Apt 1734,Austin,78778,TX,512-692-8361
524,Shirley Olver,1978/05/21,Apt 737,Pueblo,81005,CO,719-413-6769
525,Shayna Crimp,1968/02/28,Apt 1511,Cincinnati,45223,OH,513-912-1233
526,Ethelyn Oxtaby,1981/08/18,Room 1647,Lake Worth,33467,FL,561-111-8921
527,Ryun Glennard,1999/10/27,Apt 706,Columbia,65211,MO,573-857-1901
528,Marianna Yakubowicz,1991/02/27,Apt 885,Salt Lake City,84170,UT,801-377-5377
529,Tiffany Tippett,1990/12/01,11th Floor,Atlanta,30306,GA,678-801-2465
530,Elka Symons,1967/09/27,Room 363,Worcester,01610,MA,774-269-8827
531,Maximilien Trendle,1965/07/11,PO Box 46708,Mobile,36628,AL,251-398-5157
532,Evyn Forre,1953/12/07,20th Floor,Yonkers,10705,NY,914-638-4072
533,Gothart Bazek,1991/01/29,PO Box 18242,El Paso,79940,TX,915-360-8893
534,Fernanda FitzGibbon,1993/05/13,Apt 1192,Milwaukee,53285,WI,414-370-3946
535,Easter MacNair,2004/10/08,Apt 762,Columbus,43240,OH,740-900-0932
536,Audre Inott,1959/10/19,Suite 23,Miami,33185,FL,305-100-4174
537,Reid Torri,1990/10/26,11th Floor,Metairie,70033,LA,504-843-3263
538,Steve Eborn,1972/06/08,Apt 580,Ocala,34474,FL,352-502-2248
539,Bradly Meagh,1961/11/27,Apt 69,Corpus Christi,78410,TX,361-136-6395
540,Susette Gawkroge,1964/06/06,Apt 1796,Albany,12227,NY,518-267-7109
541,Zorina Sharvell,1958/10/25,Room 955,Miami,33190,FL,305-543-7840
542,Chas Champkins,1994/09/19,Suite 37,Gilbert,85297,AZ,602-523-3907
543,Benedikt Scotchmer,1990/03/20,Apt 46,Saint Petersburg,33715,FL,727-715-5959
544,Aubrette Marquese,1990/09/21,PO Box 3826,Madison,53790,WI,608-158-1521
545,Angel Nevin,1985/10/05,Room 1895,Portland,97255,OR,971-475-9008
546,Nita Izakovitz,1971/07/22,5th Floor,Brooklyn,11231,NY,212-316-1770
547,Padget Cherry,1976/07/16,Room 1513,Richmond,94807,CA,510-543-7992
548,Connie Dartan,1992/11/11,Room 41,Albany,12210,NY,518-526-6767
549,Kylen Vasyuchov,1992/04/09,PO Box 2415,Spokane,99252,WA,509-201-9560
550,Donica Ruckhard,1986/04/09,Room 185,Jacksonville,32225,FL,904-923-0947
551,Sterling Acaster,1979/03/06,PO Box 6353,Boston,02109,MA,617-516-2164
552,Rasla Bourley,1991/09/17,Apt 772,New York City,10131,NY,212-796-0099
553,Bethena Doyle,1990/12/21,Apt 348,Fort Myers,33906,FL,239-187-3432
554,Ashbey Jerok,1976/03/31,Suite 77,Boulder,80305,CO,720-326-8218
555,Fawn Alford,1965/10/17,PO Box 25035,Fresno,93715,CA,559-469-5868
556,Neall O'Keefe,1991/06/13,Apt 1760,Bakersfield,93399,CA,661-655-4625
557,Rudie Brosel,1955/02/10,Apt 353,Honolulu,96810,HI,808-926-4469
558,Katharine Flemmich,2001/11/07,Suite 36,Shawnee Mission,66276,KS,913-770-3775
559,Dierdre Blewett,1988/04/26,PO Box 42199,Washington,20231,DC,202-133-2120
560,Alidia Tipper,1983/11/02,Suite 14,Indianapolis,46239,IN,317-161-6445
561,Annemarie Alelsandrovich,1974/04/17,Suite 78,New York City,10004,NY,718-190-1601
562,Doria Scollard,1993/01/12,Suite 73,Garden Grove,92645,CA,714-332-8130
563,Bailey Critch,1954/05/03,Suite 95,Honolulu,96835,HI,808-274-7961
564,Hewet Thynne,1990/10/18,Room 1042,Cleveland,44177,OH,216-801-7520
565,Alvina Castillou,1982/01/09,Apt 965,Asheville,28815,NC,828-179-8612
566,Cordelia Chalmers,1994/03/21,Apt 513,Albuquerque,87140,NM,505-267-7907
567,Ingram Rosenblum,1965/08/23,Room 1754,Battle Creek,49018,MI,269-635-5412
568,Rozanne MacCaughen,1986/02/07,Apt 719,Mesa,85215,AZ,480-344-1823
569,Lars Noell,1958/06/05,Room 636,Akron,44310,OH,330-349-3550
570,Jewelle Bernini,1958/01/05,7th Floor,Wichita,67260,KS,316-833-7511
571,Tobe Crewther,1984/01/22,Room 147,Omaha,68110,NE,402-951-5695
572,Cleon Pierton,1962/11/21,PO Box 62856,San Antonio,78296,TX,210-331-3301
573,Neddy Crosthwaite,1979/11/21,PO Box 90338,Salt Lake City,84199,UT,801-120-9843
574,Craggie Powell,1981/02/20,Room 1528,Waterbury,06721,CT,203-529-0125
575,Claude Fullerton,1984/03/21,Room 1154,San Diego,92196,CA,619-282-1147
576,Zolly Sima,1970/07/17,Room 9,Louisville,40256,KY,502-957-0142
577,Muffin Ferier,1979/04/18,Suite 86,Charlotte,28242,NC,704-577-9200
578,Ransell McIlrath,2001/09/27,19th Floor,El Paso,79911,TX,915-425-4895
579,Teodoor Tattersill,1988/02/27,Suite 96,Chicago,60686,IL,312-933-4797
580,Betty Lotwich,1963/02/19,Apt 1032,Des Moines,50330,IA,515-346-4804
581,Marrissa Worsall,1993/12/13,Suite 66,Austin,78715,TX,512-382-2959
582,Rutledge Hazeup,1973/01/01,PO Box 79271,Oklahoma City,73129,OK,405-155-5072
583,Roxanna Paliser,2001/12/24,Suite 45,Port Washington,11054,NY,516-739-9881
584,Berkly Askell,1978/08/23,Suite 6,Harrisburg,17140,PA,717-120-7271
585,Lillian Fenner,1972/12/31,19th Floor,Iowa City,52245,IA,319-155-0106
586,Ula Ivanov,1955/05/21,PO Box 7978,San Diego,92165,CA,619-205-4178
587,Antoine Bouskill,1975/02/01,Room 925,Houston,77010,TX,281-500-9973
588,Ric Digwood,1950/09/24,Suite 52,Panama City,32405,FL,850-765-1230
589,Anthiathia Ollington,1956/12/26,Room 488,Buffalo,14225,NY,716-152-2453
590,Katey Biddwell,1983/06/04,Apt 1411,Salt Lake City,84130,UT,801-640-9912
591,Hali Teenan,1972/04/15,PO Box 20652,Fort Worth,76147,TX,817-591-7379
592,Dickie Koopman,1969/12/05,16th Floor,Canton,44720,OH,330-476-1254
593,Betteanne Hacket,1954/10/03,PO Box 74107,Baton Rouge,70826,LA,225-537-9764
594,Charyl Dobbie,1981/09/27,Suite 90,Duluth,30195,GA,678-169-6955
595,Edmund Beneteau,1969/04/17,6th Floor,Salem,97306,OR,503-563-8673
596,Carie Corkhill,2003/09/02,PO Box 11521,Evansville,47732,IN,812-105-9561
597,Rufe Keenleyside,1971/09/19,Suite 13,Trenton,08619,NJ,609-908-0132
598,Filippo Blumer,2002/01/23,Suite 20,Greensboro,27404,NC,336-323-3625
599,Lethia O'Currane,1967/03/29,Apt 197,Washington,20226,DC,202-763-2108
600,Kurtis Marran,1952/08/03,15th Floor,Shreveport,71130,LA,318-840-0879
601,Krishnah Prati,1954/11/10,Suite 30,Rochester,14646,NY,585-923-0658
602,Devora Gresley,1962/05/03,PO Box 22640,Chico,95973,CA,916-467-2495
603,Doralyn Kelsey,1992/07/08,Apt 751,Amarillo,79182,TX,806-131-2834
604,Lawton Knoller,1983/09/27,20th Floor,Amarillo,79182,TX,806-650-4145
605,Romeo Ahlf,1990/01/16,Room 913,Washington,20073,DC,202-466-4254
606,Rolf Brewerton,1958/09/06,Room 361,Pittsburgh,15255,PA,412-879-6330
607,Pedro Hanlon,1962/02/22,Room 33,York,17405,PA,717-601-6795
608,Jenifer Fellgatt,1979/04/03,Room 1616,Baltimore,21229,MD,443-462-9374
609,Warner Laherty,1988/12/27,Suite 49,Norfolk,23514,VA,757-639-4247
610,Brander Clendennen,1989/04/16,Room 722,Denver,80243,CO,303-939-4488
611,Bourke Yearnes,1950/12/08,Apt 523,Pittsburgh,15205,PA,724-961-5915
612,Katerine Norwich,1952/04/22,Suite 13,Panama City,32412,FL,850-485-7338
613,Aldo Timlin,1993/07/04,Suite 56,Louisville,40298,KY,502-465-8684
614,Raimundo Pimer,1965/05/01,Room 826,Buffalo,14263,NY,716-463-2117
615,Tricia Sumbler,1977/11/04,Room 1407,Garden Grove,92844,CA,310-640-2652
616,Nicoline Lendrem,2002/04/01,9th Floor,Baltimore,21229,MD,443-262-0767
617,Corey Barrass,1992/03/14,Apt 605,Waterloo,50706,IA,319-830-0446
618,Eulalie Panons,1955/05/24,Apt 1675,San Bernardino,92424,CA,909-965-0238
619,Geri Pitcaithly,1961/07/03,PO Box 58805,Philadelphia,19146,PA,267-463-6753
620,Bianka Lequeux,2000/10/30,PO Box 32600,Buffalo,14233,NY,716-855-2724
621,Merrili McDonough,1991/03/27,Room 679,Salt Lake City,84135,UT,801-494-9476
622,Ransell Laughtisse,1952/03/12,PO Box 85472,Des Moines,50362,IA,515-114-1669
623,Alena Bouchard,1955/08/06,17th Floor,New Bedford,02745,MA,508-154-4546
624,Corina Cheyne,1957/12/11,PO Box 51928,Kansas City,64101,MO,816-460-2037
625,Suzette Kyllford,1954/12/03,Room 726,Philadelphia,19178,PA,215-119-5566
626,Hew Rylett,1972/03/01,Suite 47,Alexandria,71307,LA,318-481-5636
627,Carmencita Locock,1997/03/21,Room 1404,Atlanta,30301,GA,770-697-9463
628,Jaimie Vasilischev,1983/03/03,4th Floor,Sacramento,95818,CA,530-607-7795
629,Helge Rundle,1979/10/13,Apt 124,Manchester,03105,NH,603-246-5677
630,Gerianna Thorwarth,1983/10/13,Room 1347,Mobile,36622,AL,251-152-4560
631,Evita Jakubiak,2003/05/04,Room 96,Atlanta,30358,GA,404-911-0887
632,Nonnah Blown,1961/02/26,Suite 36,Jacksonville,32204,FL,904-146-0949
633,Lucy Lowres,1968/07/05,PO Box 13553,Atlanta,30323,GA,770-155-2861
634,Randie Pickton,1999/03/31,7th Floor,Tampa,33615,FL,813-273-9451
635,Kial Tirone,1966/11/12,Room 1484,Bradenton,34210,FL,727-576-5411
636,Kippy Vakhrushev,1954/06/05,PO Box 95904,Fort Worth,76147,TX,817-490-6826
637,Barbara-anne Gerlts,1989/10/06,PO Box 68330,White Plains,10606,NY,845-465-5061
638,Candide MacCague,1977/11/11,Room 1240,Albany,12222,NY,518-182-2105
639,Ashby Cockerell,1973/01/13,Apt 1994,Toledo,43656,OH,419-222-9802
640,Nert Piche,1958/02/05,Suite 55,Maple Plain,55572,MN,763-449-3066
641,Bambi Ricardot,1957/01/20,Suite 49,Lafayette,70505,LA,337-951-6892
642,Keir Gantz,1964/03/08,PO Box 49076,Shreveport,71105,LA,318-100-5500
643,Katusha Gorler,1999/12/03,Room 245,Terre Haute,47812,IN,812-481-8052
644,Link Mouser,1961/04/07,Apt 278,Detroit,48258,MI,248-450-1328
645,Alli Brumpton,1982/04/08,Room 833,Dayton,45432,OH,937-687-1755
646,Farrel Kersley,2000/01/10,13th Floor,Miami,33196,FL,305-794-8351
647,Virginia Toynbee,1963/01/02,PO Box 14857,Los Angeles,90030,CA,213-273-5375
648,Khalil Hubball,1958/08/09,Apt 582,Saint Paul,55127,MN,612-886-0964
649,Wanids Alliot,1991/07/06,PO Box 34872,Clearwater,34615,FL,727-144-1275
650,Louie Wilkin,1992/04/29,14th Floor,Salem,97306,OR,503-717-0154
651,Myron Clemente,1968/01/22,Room 392,Melbourne,32919,FL,321-699-8228
652,Rozele Blundan,2001/05/29,PO Box 46392,Atlanta,31136,GA,404-513-1467
653,Elsworth Knutton,1954/04/17,Room 1233,Charlotte,28220,NC,704-208-8274
654,Bartholomeus Crack,1975/06/17,Room 996,Cincinnati,45254,OH,513-155-2861
655,Fanchon Battleson,2001/07/01,PO Box 15989,Newark,07104,NJ,973-865-4596
656,Meredith Winslow,1988/02/16,Apt 228,High Point,27264,NC,336-519-8569
657,Hedi Kendle,1990/02/26,PO Box 81217,Chicago,60674,IL,312-930-4489
658,Reina Arrandale,1995/05/09,17th Floor,Denver,80223,CO,720-610-3838
659,Rorke Disbrow,1956/06/25,Room 277,Amarillo,79171,TX,806-950-0444
660,Ines McClure,2001/10/23,PO Box 98280,Providence,02912,RI,401-465-2720
661,Westbrooke Arnaldo,1997/06/30,5th Floor,Springfield,65898,MO,417-465-3026
662,Gasper Lucas,1992/02/15,11th Floor,Boulder,80328,CO,303-868-3418
663,Orsola Prandoni,1973/10/02,Suite 70,Seattle,98195,WA,206-462-2813
664,Ingemar Gopsell,1975/04/22,Suite 85,Garland,75049,TX,214-840-6384
665,Avrom Carbine,2001/07/27,PO Box 74494,Asheville,28815,NC,828-845-0262
666,Sig O'Loughlin,1984/05/25,3rd Floor,Lafayette,47905,IN,765-206-6431
667,Donetta Spenceley,1972/06/16,Suite 2,Wichita,67205,KS,316-382-9308
668,Malia Rosenboim,1989/01/11,Suite 3,Albuquerque,87105,NM,505-483-9546
669,Yale Bartosiak,2000/03/07,Room 94,Delray Beach,33448,FL,561-775-9874
670,Ugo Kachel,1984/06/10,Suite 50,Charlotte,28230,NC,704-233-0425
671,Cynthea Batterham,1995/05/05,9th Floor,Jamaica,11470,NY,718-966-2769
672,Darleen Sherebrooke,1965/02/25,PO Box 52121,Flushing,11355,NY,917-661-0596
673,Verene Ducket,1971/06/17,PO Box 16487,Los Angeles,90010,CA,213-537-6247
674,Kathie Boullin,2003/09/19,Suite 49,Springfield,65898,MO,417-177-9836
675,Reider Goody,1974/12/07,Apt 1061,Albany,12205,NY,518-929-5888
676,Cyndia Upshall,1950/05/07,PO Box 76292,San Jose,95133,CA,408-306-6694
677,Nefen Du Hamel,1975/01/19,2nd Floor,Long Beach,90805,CA,562-356-5116
678,Christen Weir,2002/03/15,PO Box 26994,Anchorage,99522,AK,907-465-4153
679,Clemens Sweetzer,1966/10/15,2nd Floor,Wilmington,19805,DE,302-109-3484
680,Curt Blacklawe,1975/09/07,Suite 37,Sioux Falls,57198,SD,605-143-7577
681,Denice Paulon,1973/10/06,Room 620,Shreveport,71161,LA,318-900-4949
682,Alex Robertsson,1966/07/15,Apt 438,Abilene,79699,TX,325-879-2062
683,Rickey Sings,1960/02/05,Room 71,Kingsport,37665,TN,423-323-7554
684,Minnnie Pylkynyton,1954/11/22,Suite 90,Chicago,60614,IL,773-770-5847
685,Cyndie Casperri,1985/03/27,Room 195,Memphis,38104,TN,615-303-2399
686,Flory Chessum,1973/05/27,Apt 1334,Austin,78744,TX,361-608-7941
687,Stanislaw Havill,1962/08/22,Suite 27,Columbus,39705,MS,662-775-5130
688,Hiram Barney,1967/09/02,PO Box 37457,Boynton Beach,33436,FL,561-893-1801
689,Murray Lelliott,1982/12/05,Apt 1800,New Orleans,70187,LA,504-500-7326
690,Siffre Digweed,1997/07/07,Suite 36,Colorado Springs,80915,CO,719-411-6876
691,Milli Owen,1996/01/04,Suite 65,Washington,20016,DC,703-730-2053
692,Wainwright Jelleman,1985/10/31,Suite 33,Spokane,99220,WA,509-272-3438
693,Ranee Mitrovic,1954/04/27,Apt 588,Pasadena,91131,CA,626-663-4983
694,Boycie Peller,1986/07/26,12th Floor,Montgomery,36104,AL,334-725-6347
695,Demetri Coppin,1964/12/24,Suite 53,Seattle,98104,WA,425-816-1854
696,Conant Tristram,1980/04/30,Room 1610,Wichita,67236,KS,316-143-2495
697,Rouvin Zupo,1980/07/14,Suite 2,Burbank,91520,CA,323-751-3602
698,Lara Faulder,1959/11/28,Suite 5,Lafayette,70505,LA,337-109-9057
699,Danell Nottingam,1966/01/06,Room 1910,Herndon,22070,VA,757-921-3770
700,Chucho Wilde,1963/05/30,Apt 1868,Dallas,75392,TX,214-119-2096
701,Neddy Kellock,1986/07/22,PO Box 85864,Lynchburg,24515,VA,434-487-1285
702,Justinn Rannald,1955/08/03,15th Floor,Scranton,18505,PA,570-335-3668
703,Judye Jarrell,2003/01/31,PO Box 95688,Pasadena,91131,CA,626-647-9759
704,Bevin Glassopp,1961/01/03,Apt 335,Sioux City,51105,IA,712-211-8101
705,Valdemar MacMearty,1951/03/20,Room 1974,Arlington,22234,VA,571-169-5926
706,Nikoletta Grigoryov,1961/12/10,PO Box 94610,Crawfordsville,47937,IN,765-700-2656
707,Darcey Mooring,2000/07/31,Apt 1457,Los Angeles,90050,CA,213-524-9354
708,Jordana Kevis,1993/10/05,Suite 39,North Little Rock,72199,AR,501-747-3549
709,Rosalind Heck,1957/11/11,Suite 54,Chattanooga,37410,TN,423-737-1300
710,Chiquia Hellens,1986/06/14,Suite 49,Des Moines,50362,IA,515-865-7425
711,Hart Alibone,1952/12/31,PO Box 49173,Albany,31704,GA,229-700-9449
712,Britta Minear,1982/09/04,Suite 47,San Diego,92145,CA,858-984-6606
713,Anjela Raddan,1957/03/18,Suite 74,Midland,48670,MI,989-877-2115
714,Celine Wulfinger,2001/07/22,Suite 24,Charleston,25313,WV,304-123-8644
715,Stephannie Bleby,1951/02/28,Apt 366,Kalamazoo,49048,MI,517-766-4714
716,Cozmo Drinkel,1958/09/25,Suite 8,Hartford,06120,CT,860-709-3097
717,Billye Krinks,1998/10/22,Suite 27,Detroit,48295,MI,313-142-2921
718,Gillan Marjanovic,1987/01/25,20th Floor,Wilmington,19897,DE,302-675-1487
719,Ashlen Rockell,1976/04/22,PO Box 84534,Peoria,61651,IL,309-376-9616
720,Dorotea Avery,1978/01/03,Suite 22,Denver,80235,CO,720-374-9650
721,Brennen Kiebes,2000/05/21,Apt 1252,New Haven,06510,CT,203-758-0589
722,Rois Akehurst,1989/10/23,PO Box 75369,Norfolk,23514,VA,757-410-3899
723,Pierre Dudley,1969/12/27,Room 1034,Jamaica,11407,NY,516-916-7696
724,Glyn Sessions,1952/07/21,Suite 44,Louisville,40298,KY,502-320-5479
725,Amargo Stairmand,1980/06/04,PO Box 31598,Rochester,55905,MN,507-470-4172
726,Jamal Fritchley,1969/12/29,4th Floor,Corona,92883,CA,626-171-6330
727,Donnamarie Klosser,1951/11/19,Room 630,Irving,75037,TX,214-602-8015
728,Sanson Ondrasek,2000/01/03,PO Box 49484,Tempe,85284,AZ,480-984-1673
729,Garfield Cristofori,1976/06/29,PO Box 29337,Oceanside,92056,CA,858-889-7494
730,Florie Jellard,2004/02/29,Room 95,Amarillo,79176,TX,806-430-8111
731,Christye Cheetam,1978/03/14,Room 57,Port Charlotte,33954,FL,941-631-4488
732,Trudi Hyde-Chambers,1965/07/31,Apt 1309,Boston,02119,MA,508-421-0317
733,Belinda Stoakley,1999/04/27,Suite 98,Trenton,08638,NJ,609-776-3053
734,Thedric McNellis,1999/07/05,Suite 38,Wichita,67230,KS,316-798-1719
735,Stevena Bert,1999/05/08,Suite 30,Saint Paul,55127,MN,612-250-4255
736,Yorgos Dyett,1966/12/22,Room 1657,Edmond,73034,OK,405-420-6283
737,Lonnie Rogans,1979/09/25,Suite 48,Fairbanks,99709,AK,907-617-1452
738,Zacharia Larcombe,2004/09/17,Apt 64,Atlanta,31190,GA,404-684-8859
739,Amy Jonczyk,1983/10/08,Suite 73,Dallas,75387,TX,214-572-5667
740,Debi Morbey,1993/06/02,Suite 16,Lawrenceville,30045,GA,770-744-7361
741,Brit Phear,1976/12/29,15th Floor,Fort Wayne,46852,IN,260-667-1423
742,Therine Berridge,1960/06/24,Apt 1088,Huntington,25775,WV,304-327-6138
743,Hilary Babbage,1997/11/08,7th Floor,El Paso,79905,TX,915-267-9402
744,Marya Barneveld,1953/07/03,14th Floor,Des Moines,50320,IA,515-503-1698
745,Adriana Wessell,1987/06/09,PO Box 60364,Whittier,90610,CA,562-963-9543
746,Agnese Blabber,2001/10/05,Suite 86,Duluth,55805,MN,218-741-6879
747,Antoinette Titmus,1956/08/20,16th Floor,Kansas City,64190,MO,816-444-6774
748,Midge Axworthy,1989/04/27,Room 39,Pittsburgh,15205,PA,724-825-4850
749,Granville Vanner,1978/11/24,3rd Floor,Knoxville,37919,TN,865-775-6010
750,Meredithe Franklin,1953/04/05,PO Box 34795,Springfield,62776,IL,217-805-0697
751,Rosie Gergher,2000/11/26,Suite 62,Clearwater,33758,FL,813-126-7770
752,Joachim Herrema,1970/08/27,Room 1602,Melbourne,32941,FL,321-663-7662
753,Rozina Ramsell,1980/02/08,Room 1164,Pensacola,32520,FL,850-260-3243
754,Dee dee Kirkland,1972/03/06,Room 1265,Los Angeles,90005,CA,562-497-2689
755,Abbe Harvatt,1963/05/24,PO Box 47359,Fort Collins,80525,CO,970-112-2711
756,Olympe Poundford,2001/06/06,PO Box 6486,Rochester,14646,NY,585-834-9687
757,Gaspard Larenson,1964/10/10,PO Box 13687,Dallas,75241,TX,214-679-4527
758,Derek Arnull,2000/01/17,7th Floor,South Bend,46699,IN,574-493-4145
759,Selby Benditt,1996/08/11,Apt 549,Columbia,29240,SC,803-798-6540
760,Irwin Gillaspy,1970/11/08,Apt 846,Boston,02104,MA,318-777-7524
761,Arabelle Neylan,1973/07/24,15th Floor,Milwaukee,53234,WI,414-781-4171
762,Ellis Toolan,1957/02/19,20th Floor,Memphis,38168,TN,901-393-0564
763,Kikelia Jezzard,1951/01/30,Apt 1424,Austin,78703,TX,512-710-0579
764,Stephen Iston,1997/07/28,11th Floor,Fairbanks,99709,AK,907-963-7086
765,Lolita Wishart,1960/06/11,Apt 1054,Dayton,45419,OH,937-241-0595
766,Stephen Hamflett,1951/02/13,Suite 66,Kansas City,64144,MO,816-330-4863
767,Ally Hukins,1999/11/25,PO Box 80532,Madison,53716,WI,608-903-7197
768,Kristien Vedenyakin,1960/07/17,Suite 71,Brooklyn,11220,NY,718-748-3055
769,Holden Lipyeat,1968/02/05,Suite 44,Sarasota,34238,FL,941-601-5493
770,Virgie MacKall,1952/01/24,PO Box 14654,Atlanta,31190,GA,404-388-6733
771,Granville Eads,1976/05/03,10th Floor,Erie,16522,PA,814-890-4210
772,Aloysia Milby,1985/05/15,5th Floor,Sandy,84093,UT,801-968-1108
773,Cassy Sorrel,1975/02/24,17th Floor,Dayton,45490,OH,937-999-1438
774,Norton Abrashkin,1958/10/14,PO Box 80313,Austin,78715,TX,512-130-8289
775,Hilarius Neve,1979/03/13,11th Floor,Chattanooga,37405,TN,423-326-2963
776,Marten Keegan,2002/10/26,Room 433,Milwaukee,53277,WI,414-213-4353
777,Jaime Terese,1953/12/01,Apt 807,Winston Salem,27105,NC,704-204-0316
778,Bridget MacBarron,1976/11/03,PO Box 86824,Erie,16534,PA,814-471-1879
779,Beatrisa Hampson,1963/07/08,12th Floor,Clearwater,33758,FL,813-378-1521
780,Kirby Pickerin,1974/05/08,Room 647,Amarillo,79116,TX,806-211-6511
781,Eilis Maneylaws,1968/12/16,Apt 53,Tuscaloosa,35405,AL,205-666-5602
782,Merla Nitto,2003/12/12,Suite 71,Jackson,39216,MS,601-251-6535
783,Bogey Quarlis,1963/11/16,Suite 78,North Las Vegas,89036,NV,702-423-5444
784,Kelsy Spoward,1983/09/09,Apt 1367,Fort Lauderdale,33315,FL,954-966-2534
785,Pamela Thurlow,1996/09/15,Suite 18,Washington,20557,DC,202-468-1730
786,Andreas Vannucci,1962/09/11,Room 541,Los Angeles,90081,CA,213-462-9826
787,Nerti Balf,1972/07/15,Apt 1395,Tuscaloosa,35487,AL,205-912-8081
788,Lauren Bowling,1966/10/18,Apt 161,Jacksonville,32215,FL,904-101-7681
789,Sibley Ethersey,1981/07/29,Suite 6,Kansas City,64125,MO,816-536-0749
790,Phip Halpen,1994/02/16,Apt 830,Muncie,47306,IN,765-801-7309
791,Merrill Scritch,1983/02/15,10th Floor,Chula Vista,91913,CA,619-179-1008
792,Aila Rawls,2001/02/04,Room 239,Boise,83705,ID,208-809-0320
793,Ransell Dalziell,1996/03/02,Suite 33,Phoenix,85035,AZ,602-469-8957
794,Janella De Antoni,2000/12/26,10th Floor,Saint Paul,55115,MN,651-652-1884
795,Cornelle Bows,1957/01/30,PO Box 60528,Louisville,40215,KY,502-668-4497
796,Nigel Bagge,1964/09/18,PO Box 99219,Atlanta,31106,GA,404-575-0350
797,Tallie Sarre,1971/08/31,19th Floor,New York City,10125,NY,212-881-0651
798,Nana Rivenzon,1976/03/01,Room 470,Boise,83711,ID,208-896-7783
799,Constantine Hartfield,1964/08/06,Room 588,Anchorage,99522,AK,907-723-5417
800,Rori Meysham,2002/04/05,Room 1094,Washington,20051,DC,202-307-0206
801,Enrique Rings,1958/10/08,Apt 16,Tuscaloosa,35405,AL,205-628-1093
802,Michell Raincin,1974/11/16,Room 1388,San Bernardino,92405,CA,909-199-9308
803,Jessie McIlherran,1980/02/10,Room 1546,Greenville,29615,SC,864-738-9298
804,Velma Abreheart,1960/08/23,Suite 52,Nashville,37240,TN,615-317-9294
805,Flss Gilliland,1996/07/13,Room 67,Provo,84605,UT,801-902-5295
806,Anthe Chetter,2000/08/18,PO Box 91520,Helena,59623,MT,406-652-5490
807,Cloe Lackie,1961/04/30,1st Floor,Lexington,40576,KY,859-748-0637
808,Adelbert Lippini,1997/07/05,Apt 1560,Sioux Falls,57193,SD,605-410-5570
809,Adlai Keppin,1973/09/08,PO Box 77005,Cleveland,44125,OH,216-907-0856
810,Muire Poulden,1960/04/18,Suite 77,Riverside,92505,CA,909-870-7817
811,Elladine Fuzzens,1951/02/07,Suite 39,Spring Hill,34611,FL,352-317-7396
812,Welch Thatcher,1997/11/16,Suite 98,Lake Worth,33462,FL,561-391-1216
813,Meryl MacCartney,1962/09/18,PO Box 70558,Springfield,01105,MA,413-440-8315
814,Crysta Giannoni,1989/05/23,Apt 705,Melbourne,32919,FL,321-498-9529
815,Auria Lucey,1981/05/03,PO Box 9407,Jackson,39282,MS,601-866-3689
816,Tedie Skeech,1975/02/20,10th Floor,Little Rock,72204,AR,501-927-7203
817,Wilone Evered,1975/03/11,Suite 36,Cape Coral,33915,FL,239-345-9398
818,Susan Cosans,1960/02/13,Room 1292,Naperville,60567,IL,630-853-1384
819,Rice Haps,1957/06/25,Suite 37,Flint,48555,MI,810-631-4677
820,Geri Highman,1957/06/27,Apt 575,Topeka,66629,KS,785-631-5867
821,Danell Pichmann,1970/05/18,PO Box 64422,Wilkes Barre,18763,PA,570-609-8084
822,Lia Tutt,1956/08/18,Apt 1485,Charleston,25362,WV,304-447-4202
823,Jud Ingrey,1969/12/14,Suite 32,Staten Island,10310,NY,718-596-7882
824,Gianina Olander,1994/01/02,Suite 44,Providence,02905,RI,401-141-0678
825,Donny Kinvig,1955/09/30,Room 128,Houston,77045,TX,713-746-7737
826,Otho Dubbin,1965/12/26,Apt 1253,Santa Fe,87592,NM,505-101-3550
827,Phyllida Hindmoor,1987/08/30,Room 1609,Schenectady,12325,NY,518-274-8738
828,Anni Jeschner,1977/03/28,Apt 140,Memphis,38143,TN,901-502-3575
829,Husein Skarr,1983/10/29,Suite 16,Birmingham,35242,AL,205-382-3181
830,Clerissa Benettelli,1960/06/17,Suite 76,San Antonio,78255,TX,830-672-1860
831,Aleda Pinkerton,1960/03/25,9th Floor,Syracuse,13224,NY,315-711-0100
832,Fielding Standall,1979/02/09,Apt 474,Arlington,22205,VA,703-537-0483
833,Marco Eddowis,1994/09/16,PO Box 49874,Fort Lauderdale,33345,FL,754-357-1414
834,Cherin Seakes,1983/01/21,Suite 50,Austin,78744,TX,361-568-6370
835,Eolanda Gatfield,1973/03/09,Room 1310,Phoenix,85035,AZ,602-950-9365
836,Jewell Yosselevitch,1950/01/13,Suite 83,Indianapolis,46216,IN,317-537-8958
837,Jenine Lorenzin,1979/01/17,Suite 19,Washington,20599,DC,202-490-1492
838,Pooh Itzchaki,1965/08/16,Suite 11,Los Angeles,90087,CA,213-110-2391
839,Tris Harniman,1990/03/30,Apt 1827,Helena,59623,MT,406-842-9009
840,Farr Palk,1991/11/09,2nd Floor,Myrtle Beach,29579,SC,843-685-0017
841,Effie Leynton,1967/11/25,20th Floor,Tacoma,98424,WA,253-511-0754
842,Etheline Garnsey,1991/08/17,Suite 87,Columbus,43215,OH,614-341-9706
843,Fonz Tyson,1977/10/23,PO Box 70164,Sacramento,94280,CA,916-125-5148
844,Lovell Gabites,1991/07/31,PO Box 93913,Bethesda,20892,MD,301-878-9609
845,Correna Le Provest,1999/09/13,14th Floor,Santa Rosa,95405,CA,707-542-1996
846,Lodovico Oliveto,1956/09/16,8th Floor,Carson City,89706,NV,775-861-6041
847,Abe Angelo,1989/04/06,Apt 1304,El Paso,79916,TX,915-825-3834
848,Esmaria MacLise,2003/02/24,Room 489,Columbus,43284,OH,614-471-1056
849,Hervey Caramuscia,1964/03/16,3rd Floor,Richmond,23285,VA,804-551-0684
850,Cathlene Huebner,1978/10/26,Room 476,Irvine,92710,CA,714-742-3692
851,Bertine Findley,1955/02/22,Suite 78,Lubbock,79415,TX,806-392-6800
852,Isaiah Purdie,1973/01/14,9th Floor,Indianapolis,46226,IN,317-259-9431
853,Donaugh Sinnock,2000/01/20,Room 1655,Columbia,65211,MO,573-813-2751
854,Wini Peak,1969/09/26,PO Box 35605,Orlando,32803,FL,321-282-7713
855,Jacquenette Lashley,1986/04/15,Room 1445,Huntington,25705,WV,304-899-5017
856,Dulcine Gleaves,1998/10/27,Suite 1,Inglewood,90305,CA,323-108-5037
857,Derry Heugel,2000/02/05,1st Floor,Pittsburgh,15215,PA,412-801-5772
858,Sonnie Fane,1992/01/18,10th Floor,Houston,77281,TX,713-366-1085
859,Joyce Keddie,1958/10/28,Suite 98,Hartford,06152,CT,860-233-6813
860,Emmanuel Shakelady,1957/05/21,Apt 519,Chicago,60652,IL,773-609-6120
861,Sherlock Mackstead,1957/07/16,PO Box 38754,Nashville,37240,TN,615-912-7068
862,Merry Spuner,1988/11/08,12th Floor,Kalamazoo,49048,MI,269-251-2375
863,Neysa Gartshore,2004/02/08,6th Floor,Chicago,60657,IL,312-203-1909
864,Masha Prater,1963/04/19,11th Floor,El Paso,88569,TX,915-289-7554
865,Tallia Dearnly,1952/05/31,Suite 10,Boise,83716,ID,208-988-9294
866,Ebba Lampett,1977/05/24,PO Box 29810,Minneapolis,55428,MN,612-983-4324
867,Itch Beare,1998/12/21,Suite 59,Jamaica,11470,NY,917-835-9643
868,Alayne Whiteway,1953/06/29,PO Box 30614,Cincinnati,45999,OH,513-315-3551
869,Anabal O'Clery,1965/08/26,Room 682,Los Angeles,90081,CA,213-643-8275
870,Tanitansy Dunan,1966/08/04,7th Floor,Houston,77271,TX,713-236-5101
871,Rodolfo Esel,2003/03/05,Room 1789,Reno,89519,NV,775-639-5918
872,Marc Poulton,1964/05/14,Apt 1281,Saint Petersburg,33742,FL,727-198-9573
873,Alma Blaxeland,1995/11/22,5th Floor,Charleston,25336,WV,304-604-5507
874,Carlynne Delong,1994/04/25,Apt 225,Shreveport,71105,LA,318-435-2610
875,Alfonse Blaschek,1987/05/29,Room 1336,Albuquerque,87180,NM,505-740-0721
876,Juliana Lohde,1997/03/25,PO Box 91027,Durham,27710,NC,919-401-2614
877,Moises Kydd,1953/04/21,PO Box 59292,Springfield,62718,IL,217-414-8267
878,Bonnibelle Emmison,1996/08/17,PO Box 7018,Houston,77045,TX,713-811-5498
879,Jorie Brockman,1962/01/23,8th Floor,Bradenton,34282,FL,941-253-3974
880,Enrichetta Goldhill,1966/12/28,Suite 45,Springfield,62711,IL,217-387-7039
881,Ernesto Simchenko,1990/12/17,Room 1001,Augusta,30919,GA,706-230-9952
882,Christi Porker,1960/01/06,Suite 61,Albuquerque,87180,NM,505-402-4202
883,Marve Shafe,1953/06/04,PO Box 34773,Rochester,14614,NY,315-664-4042
884,Barry MacDougall,1975/04/27,Apt 150,Ridgely,21684,MD,410-254-9941
885,Moishe Kenninghan,2001/05/11,14th Floor,Tucson,85720,AZ,520-715-0629
886,Redd Shelley,1976/02/07,Apt 1748,Fort Worth,76105,TX,817-969-5312
887,Vin Stigger,1999/12/24,PO Box 71603,Birmingham,35279,AL,205-978-2740
888,Kerrie Mobberley,1958/12/26,13th Floor,Dayton,45490,OH,937-199-8637
889,Deni Napleton,1988/07/25,PO Box 51985,Springfield,62711,IL,217-225-4951
890,Vinita Collip,1964/09/16,Apt 1026,Peoria,61651,IL,309-983-3818
891,Cymbre Shiril,1962/06/18,Room 25,Anchorage,99599,AK,907-559-8044
892,Maria Abramino,1950/11/16,Room 455,San Antonio,78260,TX,830-961-3194
893,Edna Wasylkiewicz,1960/07/31,Room 644,Albuquerque,87121,NM,505-312-0831
894,Joye Breewood,1977/08/18,Suite 75,Cincinnati,45254,OH,513-239-3962
895,Miguelita Laviste,1967/09/05,Suite 83,Boise,83716,ID,208-903-2410
896,Alanna Leist,1981/10/22,17th Floor,Watertown,02472,MA,617-260-1673
897,Rollins Lidell,1988/05/20,Room 1165,Fargo,58122,ND,701-557-0070
898,Inessa Dimmock,1950/06/25,Suite 58,Boston,02104,MA,318-128-6671
899,Guglielma Salter,2002/05/17,PO Box 74707,West Palm Beach,33416,FL,561-470-3189
900,Chariot Pepperd,1986/12/15,Suite 100,Cleveland,44177,OH,440-260-8894
901,Tanny Curm,1993/07/24,PO Box 16110,Huntington Beach,92648,CA,562-863-5793
902,Lamont Hancock,2002/12/06,Apt 1586,Minneapolis,55441,MN,651-818-0863
903,Camel Toone,1984/07/09,Apt 1651,Falls Church,22047,VA,571-908-8068
904,Ede Keyme,1958/12/30,Suite 82,Salt Lake City,84120,UT,801-119-8509
905,Patrick Petegrew,1956/04/20,Apt 1517,Shawnee Mission,66220,KS,913-203-2810
906,Jewelle Vicent,1965/11/03,5th Floor,San Diego,92191,CA,619-449-2459
907,Honey Undy,1964/08/15,16th Floor,Los Angeles,90094,CA,323-349-4856
908,Ingra Boyse,1984/03/07,PO Box 90194,Lansing,48919,MI,517-329-9446
909,Sheree Lunck,1955/07/20,PO Box 79215,Sacramento,94291,CA,916-370-0982
910,Fleur Cisneros,1959/01/26,PO Box 67327,Cambridge,02142,MA,857-440-6857
911,Felipe Goodday,1953/10/29,Room 569,Norwalk,06859,CT,203-850-4843
912,Gleda Janecek,1958/07/13,Suite 8,Little Rock,72204,AR,501-772-9744
913,Haley Bragg,1976/02/23,Suite 98,Cape Coral,33915,FL,239-432-2354
914,Vasilis Waterman,2002/11/05,Room 840,Springfield,62776,IL,217-496-9720
915,Gael Bispo,1968/06/28,Suite 10,Nashville,37250,TN,615-879-5613
916,Gasper Pinkstone,1999/12/23,2nd Floor,Lynn,01905,MA,617-864-9242
917,Marthena Boman,1993/07/22,Suite 30,Lakeland,33811,FL,863-471-8021
918,Laird Amort,1973/09/18,16th Floor,El Paso,88535,TX,915-347-4949
919,Malissa McClaughlin,1979/06/03,20th Floor,Fort Wayne,46852,IN,260-743-7808
920,Ethelyn Bergen,1999/05/07,9th Floor,Austin,78789,TX,512-666-3814
921,Uriel Lismore,1951/12/26,Apt 1763,Lawrenceville,30245,GA,404-909-1004
922,Gerianna Bromehed,2002/03/25,PO Box 97920,Cleveland,44111,OH,216-264-9358
923,Sergent Binge,1983/07/11,5th Floor,Billings,59112,MT,406-790-9078
924,Ralf Hanfrey,2000/02/17,Suite 65,Lincoln,68531,NE,402-930-8798
925,Loralyn Van Dale,1984/04/29,10th Floor,Greensboro,27499,NC,336-991-2247
926,Arlena Slowgrave,1998/01/02,PO Box 98927,Denver,80228,CO,303-954-7084
927,Pru Anslow,1998/02/23,Apt 1359,Mobile,36616,AL,251-130-5620
928,Luciano Weadick,1994/11/18,Room 1103,Los Angeles,90055,CA,213-432-6064
929,Sibley Etteridge,1980/01/30,PO Box 24833,Alexandria,71307,LA,318-948-3185
930,Yoshi Woodhead,1990/07/18,PO Box 12475,Salt Lake City,84125,UT,801-967-8159
931,Nerti Grayshon,1996/05/26,Apt 1073,Austin,78710,TX,512-742-9156
932,Honey Skace,1997/10/27,Room 1796,Akron,44315,OH,330-523-6060
933,Mikel Ketchaside,1982/08/03,9th Floor,Virginia Beach,23459,VA,757-490-1701
934,Frances Ewin,1966/03/18,PO Box 92572,Anaheim,92812,CA,714-835-8011
935,Margalo Aird,1959/02/04,Apt 1610,Charleston,25331,WV,304-812-7436
936,Asia Asher,1976/06/01,Suite 99,Monticello,55565,MN,763-218-0825
937,Eziechiele Greim,1958/06/30,Room 1550,San Antonio,78230,TX,210-853-0390
938,Winny Gaskin,1994/04/07,Room 972,Portland,97229,OR,503-471-8382
939,Kalindi Puddephatt,1971/06/26,Room 508,Fort Lauderdale,33315,FL,954-638-4766
940,Etti MacKean,1954/07/31,Room 518,Tampa,33605,FL,813-556-1570
941,Sidonia Seacombe,1996/01/20,Apt 1517,Gainesville,32610,FL,352-335-2237
942,Olia Southby,1962/07/19,PO Box 55577,Birmingham,35205,AL,205-485-8484
943,Harlene Grigore,1979/12/29,Suite 16,Washington,20226,DC,202-380-8314
944,Mike Moulster,2003/04/30,17th Floor,Huntsville,35810,AL,256-674-8667
945,Burke Skirling,1978/07/10,Apt 671,Flushing,11388,NY,347-995-2995
946,Tate Riddett,1991/12/03,Apt 1408,Brooklyn,11254,NY,212-790-7667
947,Katusha Skaife,2003/02/09,Apt 1192,Jacksonville,32236,FL,904-550-7296
948,Philly Gilliard,1965/04/29,13th Floor,Baltimore,21239,MD,410-169-9255
949,Gwenneth Truscott,1990/05/15,4th Floor,El Paso,79994,TX,915-944-8359
950,Brewster Dockwra,1995/06/23,Suite 28,San Antonio,78235,TX,210-327-1087
951,Erhart Pfaff,1976/06/30,Apt 643,Chicago,60681,IL,312-487-2478
952,Conn Goodbourn,1979/06/06,17th Floor,Saint Paul,55146,MN,651-997-7850
953,Clayborn Obert,2004/11/20,Apt 260,Lexington,40510,KY,859-682-7619
954,Hernando Wakenshaw,1978/04/17,6th Floor,Hartford,06140,CT,860-789-4068
955,Brianna Burnage,1950/11/30,Suite 25,Oklahoma City,73135,OK,405-842-6547
956,Joya Northbridge,2004/10/27,6th Floor,Seminole,34642,FL,941-279-3008
957,Alyda Kendall,1953/07/05,15th Floor,Los Angeles,90101,CA,213-111-3161
958,Pamela Flori,1953/03/26,Room 1032,Atlanta,31119,GA,770-862-1993
959,Hortense Sheer,1963/08/26,Apt 1955,San Bernardino,92405,CA,909-196-6593
960,Korey Kegley,1999/11/27,Suite 59,Toledo,43605,OH,419-743-4464
961,Edwin Sprulls,1971/06/13,PO Box 1863,Springfield,45505,OH,937-340-8673
962,Maximilian Corten,1983/02/23,Suite 63,Indianapolis,46221,IN,317-457-0882
963,Lauren Buret,1979/08/31,Suite 10,Erie,16505,PA,814-571-3690
964,Antons Sewart,1970/11/09,10th Floor,Miami,33283,FL,305-566-7184
965,Dorrie Kretchmer,1969/06/01,9th Floor,Jacksonville,32259,FL,904-970-7532
966,Emyle Triebner,1995/12/29,Suite 52,Hollywood,33023,FL,305-330-3314
967,Kassia Rennolds,1967/07/13,Suite 15,Austin,78721,TX,512-913-1682
968,Bone Couldwell,1994/09/02,13th Floor,Austin,78732,TX,512-522-3805
969,Erda Spieck,1985/05/24,Apt 1672,Tucson,85720,AZ,520-809-0841
970,Dexter Wisby,1977/10/26,PO Box 23238,Washington,20244,DC,202-862-6459
971,Nissie Souness,2000/02/20,PO Box 7115,Irvine,92619,CA,949-772-6878
972,Sammy Zannotelli,1952/10/03,Room 475,Detroit,48224,MI,313-764-1130
973,Allister Doorbar,1967/10/23,16th Floor,North Little Rock,72118,AR,501-429-9257
974,Herby Kleinholz,1972/07/25,1st Floor,Washington,20029,DC,202-100-5333
975,Shani Rosewell,1958/11/12,7th Floor,Birmingham,35210,AL,334-777-3664
976,Jena Beach,1977/09/19,PO Box 19199,Tempe,85284,AZ,480-342-3022
977,Grantham Carlisso,1975/08/15,Suite 56,Detroit,48224,MI,313-771-6591
978,Ariel Wrightam,1998/09/25,PO Box 68204,Birmingham,35285,AL,205-613-9342
979,Cyndie Klaessen,1994/04/21,Room 1221,Houston,77025,TX,832-217-5794
980,Courtney Croad,1970/07/02,Suite 6,Largo,34643,FL,727-745-4028
981,Terrie Atterley,1970/09/19,Suite 58,Columbia,65211,MO,573-886-2845
982,Adam Plenty,1965/11/28,Suite 94,Indianapolis,46266,IN,317-205-9198
983,Merna Caplan,1985/06/19,Suite 30,Saint Louis,63169,MO,314-123-5078
984,Gianina Wimmers,1955/12/06,Apt 1805,Washington,20392,DC,202-408-5094
985,Renato Blazey,2002/05/04,PO Box 53273,Grand Rapids,49518,MI,616-407-6356
986,Carmelle Stanyard,1979/09/01,Suite 48,Portsmouth,00214,NH,603-846-1083
987,Demetris Faro,1966/02/13,10th Floor,Pompano Beach,33069,FL,954-693-6583
988,Janaye Haining,1967/05/05,Room 382,Gilbert,85297,AZ,480-418-6406
989,Winny Bonhome,1993/07/23,Apt 1692,Oklahoma City,73119,OK,405-462-7549
990,Teddy Winspear,1996/01/07,Apt 76,Charleston,29403,SC,843-564-5404
991,Cob Carlyon,1998/01/17,8th Floor,Shawnee Mission,66276,KS,913-667-3201
992,Franz Rosiello,1995/09/13,Suite 50,Cincinnati,45271,OH,513-348-9646
993,Ardis Giorgiutti,1961/03/15,Suite 59,Huntsville,77343,TX,936-448-7593
994,Lindsay Siddons,2002/01/09,PO Box 42484,El Paso,79940,TX,915-502-1029
995,Brent Learned,2001/01/31,Apt 104,Jackson,39236,MS,601-867-1841
996,Diane-marie de Clerk,1954/07/09,Apt 520,Aurora,60505,IL,630-190-0577
997,Baird Truckell,1958/05/14,Room 89,Saint Louis,63110,MO,314-990-6757
998,Sallyanne Rameaux,1988/06/23,Suite 15,Huntington Beach,92648,CA,714-686-7697
999,Harrietta Peret,1959/07/31,15th Floor,Buffalo,14233,NY,716-274-0605
1000,Bevvy Tybalt,1991/11/27,PO Box 96784,Springfield,62764,IL,217-934-4291
